title,category,price,no_of_ratings_given,product_offer
Pharmeasy Coenzyme Q10 (Coq10) 200mg With Piperine - For Heart Health Bottle Of 60 Capsules,Healthcare,₹737.86,,55% OFF
Pharmeasy Diabetic Protein Powder French Vanilla Flavour Jar Of 400g,Healthcare,₹364.49,(59ratings),59% OFF
Everherb Karela Jamun Juice - Helps Maintains Healthy Sugar Levels -Helps In Weight Management - 1 L,Healthcare,₹153.34,(2173ratings),59% OFF
Pharmeasy Pill Box Organizer,Healthcare,₹224.55,(904ratings),55% OFF
Pharmeasy Multivitamin Multimineral - Immunity Booster - Complete Nutrition - Bottle Of 60,Healthcare,₹267.46,(300ratings),57% OFF
Liveasy Foods Healthy Roasted Seed Mix - Blend Of 6 Fibre Rich Healthy Roasted Seeds - 200 Gms,Healthcare,₹160.82,(624ratings),57% OFF
Everherb (By Pharmeasy) Aloe Vera Juice With Pulp - Rejuvenates Skin & Hair - 1 Litre Bottle,Healthcare,₹142.12,(781ratings),62% OFF
Everherb (By Pharmeasy) Amla Juice-Rich In Vitamin C-Natural Immunity Booster - 1 Litre Bottle,Healthcare,₹130.9,(656ratings),65% OFF
Everherb (By Pharmeasy) Pain Relief Oil - Blend Of 8 Powerful Herbal Ingredients - 100 Ml,Healthcare,₹205.7,(737ratings),45% OFF
Pharmeasy Calcium Magnesium Vitamin D3 & Zinc - Bones & Dental Health - Bottle 60,Healthcare,₹223.86,(374ratings),58% OFF
Liveasy Wellness Calcium Magnesium Vitamin D3 & Zinc - Bones & Dental Health - Bottle 60 Tabs,Healthcare,₹223.86,(570ratings),58% OFF
Pharmeasy Fish Oil 1000mg Soft Gelatin 60 Capsules,Healthcare,₹225.22,(62ratings),61% OFF
Everherb (By Pharmeasy) Flaxseed Omega 3 - Essential Fatty Acids - Healthy Heart - Bottle Of 60,Healthcare,₹277.15,(303ratings),63% OFF
Liveasy Wellness Multivitamin Multimineral - Immunity Booster - Complete Nutrition - Bottle Of 60,Healthcare,₹279.9,(477ratings),55% OFF
Everherb Giloy Tulsi Juice - Strengthens Body Defence System - Natural Immunity Booster - 1 Litre,Healthcare,₹130.9,(434ratings),65% OFF
Everherb (By Pharmeasy) Shilajit 500mg-Vigour Improvement-Strength & Stamina For Men-Bottle Of 60,Healthcare,₹356.06,(394ratings),62% OFF
Liveasy Foods Healthy Seed Mix - Blend Of 6 Fibre Rich Healthy Seeds - 200 Gms,Healthcare,₹140.61,(546ratings),57% OFF
Everherb (By Pharmeasy) Ashwagandha-Immunity Booster Capsules-Anxiety & Stress Relief-Bottle Of 60,Healthcare,₹207.78,(436ratings),63% OFF
Pharmeasy Biotin 10000mcg - For Hair | Skin & Nails - Bottle Of 60,Healthcare,₹425.75,(105ratings),35% OFF
Everherb Pharmeasy Moringa (Drum Stick) Immunity Booster Capsules Natural Multivitamin Bottle Of 60,Healthcare,₹179.84,(251ratings),68% OFF
Cetaphil Dam Daily Advance Ultra Hydrating Lotion | Face & Body | 100 Gm,Healthcare,₹636.09,(119ratings),9% OFF
Venusia Max Intensive Moisturizing | For All Skin Types | Lotion | 500 Gm,Healthcare,₹1172.13,(355ratings),11% OFF
Supradyn Daily Multivitamin For Men & Women Builds Energy & Immunity Strip Of 15 Tablets,Healthcare,₹54.71,(1299ratings),20% OFF
Dabur Yograj Guggulu 120 Tablets,Healthcare,₹154.7,(5ratings),15% OFF
Himalaya Ashwagandha Immunity Booster Tablets Bottle Of 60,Healthcare,₹177.6,(215ratings),26% OFF
Nivea Soft Light Moisturizer Of 300 Ml,Healthcare,₹514.8,(92ratings),22% OFF
Vaseline Intensive Care Deep Moisture Body Lotion - 600 Ml,Healthcare,₹494.34,(10ratings),34% OFF
Cofsils Orange Strip Of 10 Lozenges,Healthcare,₹30.29,(524ratings),15% OFF
Vicks Vaporub Xtra Strong 50 Ml Relief From Cold Cough Headache And Body Pain,Healthcare,₹182.75,(53ratings),15% OFF
Everherb Karela Jamun Juice - Helps Maintains Healthy Sugar Levels -Helps In Weight Management - 1 L,Healthcare,₹153.34,(2173ratings),59% OFF
New Saridon Strip Of 10 Tablets,Healthcare,₹43.83,(71ratings),15% OFF
Crocin Pain Relief Strip Of 15 Tablets,Healthcare,₹63.97,(85ratings),22% OFF
Cofsils Ginger Lemon Lozenges Strip Of 10,Healthcare,₹30.28,(471ratings),15% OFF
Scalpe Plus Expert Anti-Dandruff Shampoo With Ketoconazole | 75ml,Healthcare,₹244.9,(964ratings),26% OFF
Volini Pain Relief | Gel | 75 Gm,Healthcare,₹209.44,(974ratings),23% OFF
Pharmeasy Multivitamin Multimineral - Immunity Booster - Complete Nutrition - Bottle Of 60,Healthcare,₹267.46,(300ratings),57% OFF
Everherb (By Pharmeasy) Aloe Vera Juice With Pulp - Rejuvenates Skin & Hair - 1 Litre Bottle,Healthcare,₹142.12,(781ratings),62% OFF
Supradyn Daily Multivitamin For Men & Women Builds Energy & Immunity Bottle Of 60 Tablets,Healthcare,₹213.6,(79ratings),20% OFF
Everherb (By Pharmeasy) Amla Juice-Rich In Vitamin C-Natural Immunity Booster - 1 Litre Bottle,Healthcare,₹130.9,(656ratings),65% OFF
Saridon Advance For 5 In 1 Pain Relief Strip Of 10 Tablets,Healthcare,₹43.2,(191ratings),20% OFF
Pharmeasy Multivitamin Multimineral - Immunity Booster - Complete Nutrition - Bottle Of 60,Healthcare,₹267.46,(300ratings),57% OFF
Shelcal 500mg Strip Of 15 Tablets,Healthcare,₹115.95,(1234ratings),22% OFF
Pharmeasy Multivitamin Women - Overall Women Wellness - Builds Immunity - Bottle Of 60,Healthcare,₹255.96,(54ratings),64% OFF
Supradyn Daily Multivitamin For Men & Women Builds Energy & Immunity Strip Of 15 Tablets,Healthcare,₹54.71,(1299ratings),20% OFF
Zincovit Strip Of 15 Tablets (Green),Healthcare,₹85.06,(445ratings),21% OFF
Evion 400mg Strip Of 20 Capsules,Healthcare,₹70.75,(597ratings),21% OFF
Everherb Karela Jamun Juice - Helps Maintains Healthy Sugar Levels -Helps In Weight Management - 1 L,Healthcare,₹153.34,(2173ratings),59% OFF
Calcimax Forte Plus Strip Of 30 Tablets,Healthcare,₹210.96,(772ratings),28% OFF
Calcimax 500mg Strip Of 30 Tablets,Healthcare,₹242.56,(609ratings),36% OFF
Evion 600mg Strip Of 10 Capsules,Healthcare,₹51.78,(363ratings),20% OFF
Depura Vitamin D3 60k Sugar Free Oral Solution 5ml,Healthcare,₹92.17,(927ratings),21% OFF
Arachitol Nano 60k Sugar Free Bottle Of 5ml Solution,Healthcare,₹85.41,(311ratings),21% OFF
Calcimax P Suspension 200ml,Healthcare,₹138.25,(47ratings),21% OFF
Livogen Z Strip Of 15 Captabs,Healthcare,₹75.26,(211ratings),24% OFF
Becozym C Forte B Complex With Vitamin C And Biotin Strip Of 20 Tablets,Healthcare,₹36,(48ratings),20% OFF
Shelcal 250mg Strip Of 30 Tablets,Healthcare,₹117.51,(36ratings),21% OFF
Evion 200mg Strip Of 10 Capsules,Healthcare,₹20.25,(35ratings),15% OFF
Supradyn Daily Multivitamin For Men & Women Builds Energy & Immunity Bottle Of 60 Tablets,Healthcare,₹213.6,(79ratings),20% OFF
Seven Seas Original Capsule 100`S,Healthcare,₹298.62,(187ratings),25% OFF
Everherb (By Pharmeasy) Amla Juice-Rich In Vitamin C-Natural Immunity Booster - 1 Litre Bottle,Healthcare,₹130.9,(656ratings),65% OFF
Everherb (By Pharmeasy) Shilajit 500mg-Vigour Improvement-Strength & Stamina For Men-Bottle Of 60,Healthcare,₹356.06,(394ratings),62% OFF
Prega News At Home One Step Urine Hcg Pregnancy Test Kit (10 Tests),Healthcare,₹336,,40% OFF
Everherb (By Pharmeasy) Men'S Formula-Blend Of Powerful Herb-Increase Sperm Count-Bottle Of 60,Healthcare,₹328.91,(230ratings),63% OFF
Manforce Cocktail Condoms Combo (Strawberry+Vanilla & Chocolate+Hazelnut) Pack Of 4 (40 Condoms),Healthcare,₹289.08,,27% OFF
Ved Tattva Safed Musli Powder - 1 Kg (Pack Of 2),Healthcare,₹11269.44,,37% OFF
Prega News At Home One Step Urine Hcg Digital Pregnancy Test Kit (6 Tests),Healthcare,₹238.56,,29% OFF
Manforce Cocktail Condoms (Dotted-Rings) Hazelnut & Chocolate Flavoured 10 Pcs X Pack Of 4,Healthcare,₹289.08,,27% OFF
Manforce Epic Strawberry Flavored Lube 60 Ml X Pack Of 4,Healthcare,₹1056,,34% OFF
Manforce Cocktail Strawberry+Vanilla & 3 In 1 Overtime Orange Flavoured Condoms(Set Of 2 20 Pcs),Healthcare,₹215.26,,6% OFF
Skore Condoms Assorted Flavoured And Coloured 1500+ Raised Dots With Extra Lubrication | Box Of 20,Healthcare,₹145.2,,34% OFF
Manforce Cocktail Condoms (Dotted-Rings) Strawberry & Vanilla Flavoured 10 Pcs X Pack Of 5,Healthcare,₹331.65,,33% OFF
Manforce Chocolate Flavor Condom 10 Pcs X Pack Of 5,Healthcare,₹331.65,,33% OFF
Manforce Overtime Pineapple Condoms 10 Pcs X Pack Of 4,Healthcare,₹265.2,,49% OFF
Manforce Epic Fruit Pack 10s (Pack Of 2),Healthcare,₹326.4,,32% OFF
Manforce Overtime Orange Flav Condom 3'S,Healthcare,₹34,,15% OFF
Manforce Condoms 3 In 1 Ribbed Contour Dotted Strawberry Flavoured Condoms - 10 Pcs X Pack Of 5,Healthcare,₹331.65,(6ratings),33% OFF
Manforce Condoms Assorted Flavour 10 Pcs X Pack Of 4,Healthcare,₹343.2,,34% OFF
Durex Mutual Climax Condoms For Men & Women - 10 Count With Durex Water Based Lube Cherry,Healthcare,₹805.5,,10% OFF
Manforce Wild Condoms Strawberry - Super Saver (2 X 20s),Healthcare,MRP₹270,,
Manforce Condoms Assorted Flavour 10 Pcs X Pack Of 5,Healthcare,₹305.5,,53% OFF
Calcimax 500mg Strip Of 30 Tablets,Healthcare,₹242.56,(609ratings),36% OFF
Refresh Tears 0.5% Bottle Of 10ml Eye Drops,Healthcare,₹105.02,(285ratings),20% OFF
Episoft Ac Moisturizer | With Microencapsulated Suncreen | Spf 30 | 75 Gm,Healthcare,₹461.04,(147ratings),32% OFF
Bontress Pro+ Scalp Serum | 5% Capixyl | 3% Redensyl | 3% Anagain | 3% Procapil | 60 Ml,Healthcare,₹1035,(42ratings),31% OFF
Pharmeasy Biotin 10000mcg - For Hair | Skin & Nails - Bottle Of 60,Healthcare,₹425.75,(105ratings),35% OFF
Scalpe Plus Expert Anti-Dandruff Shampoo With Ketoconazole | 75ml,Healthcare,₹244.9,(964ratings),26% OFF
Pharmeasy Multivitamin Multimineral - Immunity Booster - Complete Nutrition - Bottle Of 60,Healthcare,₹267.46,(300ratings),57% OFF
Liveasy Foods Healthy Roasted Seed Mix - Blend Of 6 Fibre Rich Healthy Roasted Seeds - 200 Gms,Healthcare,₹160.82,(624ratings),57% OFF
Everherb (By Pharmeasy) Aloe Vera Juice With Pulp - Rejuvenates Skin & Hair - 1 Litre Bottle,Healthcare,₹142.12,(781ratings),62% OFF
Everherb (By Pharmeasy) Pain Relief Oil - Blend Of 8 Powerful Herbal Ingredients - 100 Ml,Healthcare,₹205.7,(737ratings),45% OFF
Pharmeasy Calcium Magnesium Vitamin D3 & Zinc - Bones & Dental Health - Bottle 60,Healthcare,₹223.86,(374ratings),58% OFF
Venusia Max Intensive Moisturizing | For All Skin Types | Lotion | 500 Gm,Healthcare,₹1172.13,(355ratings),11% OFF
Photostable Gold Matte Finish Spf 55 Sunscreen Gel 50g,Healthcare,₹727.65,(71ratings),23% OFF
Liveasy Wellness Calcium Magnesium Vitamin D3 & Zinc - Bones & Dental Health - Bottle 60 Tabs,Healthcare,₹223.86,(570ratings),58% OFF
Venusia Max Intensive Moisturizing | For Dry And Very Dry Skin | Cream | 150 Gm,Healthcare,₹657.71,(570ratings),11% OFF
Mildy Tube Of 100ml Shampoo,Healthcare,₹162,(75ratings),19% OFF
Pharmeasy Fish Oil 1000mg Soft Gelatin 60 Capsules,Healthcare,₹225.22,(62ratings),61% OFF
Everherb (By Pharmeasy) Flaxseed Omega 3 - Essential Fatty Acids - Healthy Heart - Bottle Of 60,Healthcare,₹277.15,(303ratings),63% OFF
Liveasy Wellness Multivitamin Multimineral - Immunity Booster - Complete Nutrition - Bottle Of 60,Healthcare,₹279.9,(477ratings),55% OFF
Cetaphil Gentle Skin Cleanser | Dry To Normal Sensitive Skin | 125 Ml,Healthcare,₹364.65,(186ratings),15% OFF
Digene Insta On The Go Mint Flavour 10ml (Pack Of 5),Healthcare,₹36.09,,23% OFF
Everherb Karela Jamun Juice - Helps Maintains Healthy Sugar Levels -Helps In Weight Management - 1 L,Healthcare,₹153.34,(2173ratings),59% OFF
Oxalgin Nano Gel 30gm,Healthcare,₹136.28,(131ratings),28% OFF
Digene Mint Flavour Strip Of 15 Tablets,Healthcare,₹25.59,(1521ratings),15% OFF
Cofsils Orange Strip Of 10 Lozenges,Healthcare,₹30.29,(524ratings),15% OFF
Candid Dusting Powder | Bottle | 120 Gm,Healthcare,₹147.9,(430ratings),15% OFF
Evion L-5000 3 In 1formula For Liver Health | Hepatoprotection | Anti-Oxidant Action 15 Capsules,Healthcare,₹277.29,,21% OFF
New Saridon Strip Of 10 Tablets,Healthcare,₹43.83,(71ratings),15% OFF
Unienzyme Strip Of 15 Tablets,Healthcare,₹72.04,(628ratings),18% OFF
Crocin Pain Relief Strip Of 15 Tablets,Healthcare,₹63.97,(85ratings),22% OFF
Refresh Tears 0.5% Bottle Of 10ml Eye Drops,Healthcare,₹105.02,(285ratings),20% OFF
Gelusil Mps Original Mint Flavour Strip Of 15 Tablets,Healthcare,₹23.14,(284ratings),15% OFF
Cofsils Ginger Lemon Lozenges Strip Of 10,Healthcare,₹30.28,(471ratings),15% OFF
Gas-O-Fast Active Jeera Antacid Sachet Of 5 G,Healthcare,₹7.65,(695ratings),15% OFF
Abzorb Total Skin Relief Dusting Powder (20% Extra) Bottle Of 120gm,Healthcare,₹139.4,(50ratings),15% OFF
Volini Pain Relief | Gel | 75 Gm,Healthcare,₹209.44,(974ratings),23% OFF
Himalaya Liv.52 Ds | Tablets | 60 No'S,Healthcare,₹216.37,(1174ratings),23% OFF
Eno Fruit Salt Powder | Lemon | Sachet | G Gm,Healthcare,₹8.76,(611ratings),15% OFF
Digene Acidity & Gas Relief Tablets 15'S- Orange Flavour,Healthcare,₹25.59,(802ratings),15% OFF
Clocip Anti Fungal Powder Of 100 Gm,Healthcare,₹81.38,(441ratings),38% OFF
Shelcal 500mg Strip Of 15 Tablets,Healthcare,₹115.95,(1234ratings),22% OFF
Supradyn Daily Multivitamin For Men & Women Builds Energy & Immunity Strip Of 15 Tablets,Healthcare,₹54.71,(1299ratings),20% OFF
Ensure Diabetes Care Nutrition Drink Vanilla Delight Flavour Box 950 Gm,Healthcare,₹2041.85,(32ratings),3% OFF
Zincovit Strip Of 15 Tablets (Green),Healthcare,₹85.06,(445ratings),21% OFF
Nutty Gritties Roasted Pumpkin Seeds| Unsalted - 200g,Healthcare,₹212,,20% OFF
Organic India Tulsi Ginger Turmeric Tea Bag 25'S,Healthcare,₹185.25,,5% OFF
Pharmeasy Daily Protein For Strong Bones And Immunity Rich Chocolate Jar 400gm,Healthcare,₹311.98,(81ratings),61% OFF
Evion 400mg Strip Of 20 Capsules,Healthcare,₹70.75,(597ratings),21% OFF
Everherb Karela Jamun Juice - Helps Maintains Healthy Sugar Levels -Helps In Weight Management - 1 L,Healthcare,₹153.34,(2173ratings),59% OFF
Calcimax Forte Plus Strip Of 30 Tablets,Healthcare,₹210.96,(772ratings),28% OFF
Calcimax 500mg Strip Of 30 Tablets,Healthcare,₹242.56,(609ratings),36% OFF
Evion 600mg Strip Of 10 Capsules,Healthcare,₹51.78,(363ratings),20% OFF
Depura Vitamin D3 60k Sugar Free Oral Solution 5ml,Healthcare,₹92.17,(927ratings),21% OFF
Arachitol Nano 60k Sugar Free Bottle Of 5ml Solution,Healthcare,₹85.41,(311ratings),21% OFF
Calcimax P Suspension 200ml,Healthcare,₹138.25,(47ratings),21% OFF
Becozym C Forte B Complex With Vitamin C And Biotin Strip Of 20 Tablets,Healthcare,₹36,(48ratings),20% OFF
Pharmeasy Multivitamin Multimineral - Immunity Booster - Complete Nutrition - Bottle Of 60,Healthcare,₹267.46,(300ratings),57% OFF
Shelcal 250mg Strip Of 30 Tablets,Healthcare,₹117.51,(36ratings),21% OFF
Evion 200mg Strip Of 10 Capsules,Healthcare,₹20.25,(35ratings),15% OFF
Liveasy Foods Healthy Roasted Seed Mix - Blend Of 6 Fibre Rich Healthy Roasted Seeds - 200 Gms,Healthcare,₹160.82,(624ratings),57% OFF
Pharmeasy Coenzyme Q10 (Coq10) 200mg With Piperine - For Heart Health Bottle Of 60 Capsules,Healthcare,₹737.86,,55% OFF
Pharmeasy Fish Oil 1000mg Soft Gelatin 60 Capsules,Healthcare,₹225.22,(62ratings),61% OFF
Everherb (By Pharmeasy) Flaxseed Omega 3 - Essential Fatty Acids - Healthy Heart - Bottle Of 60,Healthcare,₹277.15,(303ratings),63% OFF
Seacod Cod Fish Liver Oil 100 Softgel Capsules With Natural Epa & Dha 100 Capsules,Healthcare,₹374,(79ratings),15% OFF
Pharmeasy Apple Cider Vinegar With Mother -Improves Metabolism- 500ml Bottle,Healthcare,₹245.06,(114ratings),68% OFF
Everherb (By Pharmeasy) Fat Burner|Natural Herbal Blend|Accelerates Calorie Burning - 60,Healthcare,₹277.15,(111ratings),63% OFF
Himalaya Arjuna Cardiac Wellness | Regulates Circulation | Tablets | 60 No'S,Healthcare,₹269.75,(11ratings),17% OFF
Dr. Morepen Bp Monitor | Bg-09 | 1 No'S,Healthcare,₹1247.11,(209ratings),15% OFF
Wow Life Science Omega 3 Capsules Bottle Of 60,Healthcare,₹799.89,(153ratings),9% OFF
Omron Hem-7120 Bp Monitor,Healthcare,₹1773.84,(67ratings),24% OFF
Baidyanath Asli Ayurved Amla Juice | Rich In Vit-C | Natural Immunity Booster | No Added Sugar | 1l,Healthcare,₹189,(15ratings),16% OFF
Briyo Fish Oil Mini (450 Mg Size) -60 Softgels - 71.39% Omega 3 (320 Mg Omega 3) Per 450 Mg Capsule,Healthcare,₹410.4,,28% OFF
Hk Vitals Fish Oil (90 Capsules) | For Men And Women | 1000mg Omega 3,Healthcare,₹501.27,(13ratings),7% OFF
Omron Hem-7124 Bp Monitor,Healthcare,₹1640.1,(53ratings),29% OFF
Hk Vitals Fish Oil (60 Capsules) | For Men And Women | 1000mg Omega 3,Healthcare,₹351.82,(13ratings),2% OFF
Himalaya Lasuna Cardiac Wellness | Regulates Cholesterol | Tablets | 60 No'S,Healthcare,₹260,(37ratings),20% OFF
Dr. Morepen Blood Pressure Monitor (Bp-15) 1 No'S,Healthcare,₹867.3,(50ratings),41% OFF
Seacod Cod Liver Oil Omega-3 Vitamins A And D Supports Immunity Heart Brain Joint Health 60 Ml,Healthcare,₹228.54,(83ratings),22% OFF
Nutrabay Wellness Fish Oil Omega 3 - 1000mg - 60 Capsules,Healthcare,₹324.33,(15ratings),43% OFF
Dr. Morepen Omega 3 Deep Sea Fish Oil Triple Strength | 1250mg With 900mg Dha & Epa | 60 Softgels,Healthcare,₹711.75,(23ratings),27% OFF
Tracky 8 Electrode Weighing Scale | Sync 22 Body Metrics Via App | Smart Bmi & Body Fat Analyzer,Healthcare,₹3324.05,,5% OFF
Accusure Electric Heating Pad,Healthcare,₹999.63,,13% OFF
Ez-Life Finger Tip Pulse Oximeter,Healthcare,₹1039.74,,74% OFF
Letsshave All In One Body Groomer For Men,Healthcare,MRP₹3999,,
Tracky 4 Electrode Weighing Scale | Sync 18 Body Metrics Via App | Smart Bmi & Body Fat Analyzer,Healthcare,₹1304.13,,13% OFF
Tracky 4 Electrode Weighing Scale | Sync 13 Body Metrics Via App | Smart Bmi & Body Fat Analyzer,Healthcare,₹1759.12,,12% OFF
Arkray Glucocard G+ Pack Of 2 X 10 Glucometer Strips,Healthcare,₹603.52,,8% OFF
Accusure Air Mattress,Healthcare,₹1919.68,,68% OFF
Control D Air Mattress | Therapy For Bed Sores,Healthcare,₹1999.5,,50% OFF
Control D Blood Glucose Monitor With Battery 1 No'S,Healthcare,₹201.69,,19% OFF
Point Of Care Gluco Spot 25 Strips,Healthcare,₹355.5,,21% OFF
Arkray Trustlet 50 Disposable Sterile Lancets For Glucose Monitor Glucometer Lancets (50),Healthcare,₹250.09,,11% OFF
Arkray Glucocard 01 Mini Blood Glucose Monitor 50 Test Strips With 50 Blood Lancets,Healthcare,₹1307.08,,18% OFF
Dr. Odin Mesh Nebulizer Ultrasonic Inebcare,Healthcare,₹2170,,30% OFF
Freestyle Optium Neo H Blood Glucose Test Strips (Pack Of 100),Healthcare,₹1443.2,,45% OFF
Sahyog Wellness Multi Function Non-Contact Infrared Thermometer With 1 Second Quick Measurement,Healthcare,₹1012.05,,61% OFF
Sahyog Wellness Single Tube Normal Size Bp Monitor Machine Cuff (22-32 Cm) (Black) (Design May Vary),Healthcare,₹452.2,,24% OFF
Sahyog Wellness Fully Automatic Upper Arm Digital Blood Pressure Monitor Machine (White),Healthcare,₹1099.45,,45% OFF
Sahyog Wellness Swth01 Digital Clinical Thermometer With Quick Measurement In C & F (White),Healthcare,₹199.28,,6% OFF
Sahyog Wellness Single Tube Pediatric/Child Sized Blood Pressure Monitor Machine Arm Cuff (10-19 Cm),Healthcare,₹499.8,,16% OFF
Venusia Max Intensive Moisturizing | For All Skin Types | Lotion | 500 Gm,Healthcare,₹1172.13,(355ratings),11% OFF
Venusia Max Intensive Moisturizing | For Dry And Very Dry Skin | Cream | 150 Gm,Healthcare,₹657.71,(570ratings),11% OFF
Cetaphil Gentle Skin Cleanser | Dry To Normal Sensitive Skin | 125 Ml,Healthcare,₹364.65,(186ratings),15% OFF
Ahaglow Advanced Tube Of 100gm Face Wash Gel,Healthcare,₹446.35,(29ratings),21% OFF
Brinton Uv Doux Spf 50 Tube Of 50gm Silicone Sunscreen Gel,Healthcare,₹599.25,(107ratings),25% OFF
Acne Uv Advanced Light Protection Spf 50+ Pa++++ Sunscreen Gel 50 Gm,Healthcare,₹741,(148ratings),24% OFF
Everherb (By Pharmeasy) Aloe Vera Juice With Pulp - Rejuvenates Skin & Hair - 1 Litre Bottle,Healthcare,₹142.12,(781ratings),62% OFF
Pharmeasy Biotin 10000mcg - For Hair | Skin & Nails - Bottle Of 60,Healthcare,₹425.75,(105ratings),35% OFF
Episoft Ac Moisturizer | With Microencapsulated Suncreen | Spf 30 | 75 Gm,Healthcare,₹461.04,(147ratings),32% OFF
Moiz Cleansing Lotion - Face & Body 400ml,Healthcare,₹680,(11ratings),20% OFF
Ahaglow Advanced Tube Of 200gm Face Wash Gel,Healthcare,₹630.42,(168ratings),21% OFF
Ahaglow S Bottle Of 100ml Foaming Face Wash,Healthcare,₹692.83,(221ratings),21% OFF
Ethiglo Skin Whitening Face Wash 70gm,Healthcare,₹221,(49ratings),15% OFF
Ekran Soft Spf 50 Plus Tube Of 50gm Silicone Sunscreen Gel,Healthcare,₹562.4,(17ratings),26% OFF
Tedibar Bathing Bar 75g Pack Of 2 (Soap Free For Sensitive Skin),Healthcare,₹368.48,(136ratings),6% OFF
Tetmosol Medicated Soap For Relief From Skin Infections And Daily Bathing 100gm,Healthcare,₹72.07,(597ratings),25% OFF
Venusia Moisturizing Cream | For Dry Sensitive Skin | Squat Jar | 100 Gm,Healthcare,₹532.35,(180ratings),9% OFF
Himalaya Purifying Neem | Prevents Pimples | Face Wash | 150 Ml,Healthcare,₹265.05,(118ratings),5% OFF
Sebamed Clear Face Cleansing Foam - 150ml,Healthcare,₹530.4,(165ratings),22% OFF
Everherb (By Pharmeasy) Neem - Immunity Booster - Hair & Skin Detoxifier - Bottle Of 60,Healthcare,₹202.32,(154ratings),64% OFF
Cetaphil Restoraderm Skin Restoring Body Moisturizer - 295ml,Healthcare,₹2458.56,(54ratings),4% OFF
"Earth King Maca Root Extract Capsule Dietary Supplement | Unisex - 500mg 60 Each Capsules, Pack Of 2",Healthcare,₹1007.16,,58% OFF
Venusia Max Intensive Moisturizing | For Dry And Very Dry Skin | Cream | 150 Gm,Healthcare,₹657.71,(570ratings),11% OFF
Shelcal 500mg Bottle Of 40 Tablets,Healthcare,₹313.24,(100ratings),21% OFF
Herbal Hills Trimohills - Value Pack 900 Tablets - Pack Of 2,Healthcare,₹8415.1,,5% OFF
Optimum Nutrition (On) Gold Standard 100% Whey Protein Double Rich Chocolate Flavour 907gm Powder,Healthcare,₹3399.2,(8ratings),20% OFF
Neurobion Alfa D Strip Of 10 Tablets,Healthcare,₹178.71,(19ratings),26% OFF
Volini Pain Relief | Spray | 15 Gm,Healthcare,₹62.37,(691ratings),19% OFF
Sos Nutrition Muscular Max Men Whey Protein Chocolate Powder - 909g,Healthcare,₹1471.54,,54% OFF
Baidyanath Asli Ayurved Swarna Bhasma -1 Gm,Healthcare,₹19711,,8% OFF
Everteen Vaginal Tightening & Revitalizing Gel For Women - 1 Small Pack- 30gm,Healthcare,₹803.33,(9ratings),33% OFF
Rgb Digital Blood Pressure Monitor Machine With C Type Usb Port,Healthcare,₹912,(6ratings),43% OFF
Kapiva Dia Free Juice | 1l | Clinically Proven Diabetes Care | Amla | Karela | Jamun & 8 More,Healthcare,MRP₹562,(106ratings),
Sheopals Herb 69 Vibe Booster Sexual Capsule With Shilajit Extract (60 Capsules),Healthcare,₹1450.4,,44% OFF
Everherb (By Pharmeasy) Jointcare-Blend Of 9 Powerful Herbs-Joint & Bone Health-Bottle Of 60 Tablets,Healthcare,₹320.02,(106ratings),64% OFF
Tcud3 Nano Sugar Free Bottle Of 5ml Oral Solution,Healthcare,₹33.18,(14ratings),55% OFF
Kapiva Dia Free Juice | 1l |Diabetes Care | Amla | Karela | Jamun & 8 More (2 Pack),Healthcare,₹1034.08,(11ratings),8% OFF
Pharmeasy Multivitamin Women - Overall Women Wellness - Builds Immunity - Bottle Of 60,Healthcare,₹255.96,(54ratings),64% OFF
Oziva Protein & Herbs For Men Chocolate 2kg (1kg Each) | For Muscle Building,Healthcare,₹5540.94,,7% OFF
"Oziva Bioactive Gluta With L-Glutathione To Reduce Pigmentation, 60 Effervescent Tablets, Strawberry",Healthcare,₹2604,,38% OFF
Pharmeasy Coenzyme Q10 (Coq10) 200mg With Piperine - For Heart Health Bottle Of 60 Capsules,Healthcare,₹737.86,,55% OFF
Pharmeasy Diabetic Protein Powder French Vanilla Flavour Jar Of 400g,Healthcare,₹364.49,(59ratings),59% OFF
Everherb Karela Jamun Juice - Helps Maintains Healthy Sugar Levels -Helps In Weight Management - 1 L,Healthcare,₹153.34,(2173ratings),59% OFF
Pharmeasy Pill Box Organizer,Healthcare,₹224.55,(904ratings),55% OFF
Pharmeasy Multivitamin Multimineral - Immunity Booster - Complete Nutrition - Bottle Of 60,Healthcare,₹267.46,(300ratings),57% OFF
Liveasy Foods Healthy Roasted Seed Mix - Blend Of 6 Fibre Rich Healthy Roasted Seeds - 200 Gms,Healthcare,₹160.82,(624ratings),57% OFF
Everherb (By Pharmeasy) Aloe Vera Juice With Pulp - Rejuvenates Skin & Hair - 1 Litre Bottle,Healthcare,₹142.12,(781ratings),62% OFF
Everherb (By Pharmeasy) Amla Juice-Rich In Vitamin C-Natural Immunity Booster - 1 Litre Bottle,Healthcare,₹130.9,(656ratings),65% OFF
Everherb (By Pharmeasy) Pain Relief Oil - Blend Of 8 Powerful Herbal Ingredients - 100 Ml,Healthcare,₹205.7,(737ratings),45% OFF
Pharmeasy Calcium Magnesium Vitamin D3 & Zinc - Bones & Dental Health - Bottle 60,Healthcare,₹223.86,(374ratings),58% OFF
Liveasy Wellness Calcium Magnesium Vitamin D3 & Zinc - Bones & Dental Health - Bottle 60 Tabs,Healthcare,₹223.86,(570ratings),58% OFF
Pharmeasy Fish Oil 1000mg Soft Gelatin 60 Capsules,Healthcare,₹225.22,(62ratings),61% OFF
Everherb (By Pharmeasy) Flaxseed Omega 3 - Essential Fatty Acids - Healthy Heart - Bottle Of 60,Healthcare,₹277.15,(303ratings),63% OFF
Liveasy Wellness Multivitamin Multimineral - Immunity Booster - Complete Nutrition - Bottle Of 60,Healthcare,₹279.9,(477ratings),55% OFF
Everherb Giloy Tulsi Juice - Strengthens Body Defence System - Natural Immunity Booster - 1 Litre,Healthcare,₹130.9,(434ratings),65% OFF
Everherb (By Pharmeasy) Shilajit 500mg-Vigour Improvement-Strength & Stamina For Men-Bottle Of 60,Healthcare,₹356.06,(394ratings),62% OFF
Liveasy Foods Healthy Seed Mix - Blend Of 6 Fibre Rich Healthy Seeds - 200 Gms,Healthcare,₹140.61,(546ratings),57% OFF
Everherb (By Pharmeasy) Ashwagandha-Immunity Booster Capsules-Anxiety & Stress Relief-Bottle Of 60,Healthcare,₹207.78,(436ratings),63% OFF
Pharmeasy Biotin 10000mcg - For Hair | Skin & Nails - Bottle Of 60,Healthcare,₹425.75,(105ratings),35% OFF
Everherb Pharmeasy Moringa (Drum Stick) Immunity Booster Capsules Natural Multivitamin Bottle Of 60,Healthcare,₹179.84,(251ratings),68% OFF
Cetaphil Dam Daily Advance Ultra Hydrating Lotion | Face & Body | 100 Gm,Healthcare,₹636.09,(119ratings),9% OFF
Venusia Max Intensive Moisturizing | For All Skin Types | Lotion | 500 Gm,Healthcare,₹1172.13,(355ratings),11% OFF
Supradyn Daily Multivitamin For Men & Women Builds Energy & Immunity Strip Of 15 Tablets,Healthcare,₹54.71,(1299ratings),20% OFF
Dabur Yograj Guggulu 120 Tablets,Healthcare,₹154.7,(5ratings),15% OFF
Himalaya Ashwagandha Immunity Booster Tablets Bottle Of 60,Healthcare,₹177.6,(215ratings),26% OFF
Nivea Soft Light Moisturizer Of 300 Ml,Healthcare,₹514.8,(92ratings),22% OFF
Vaseline Intensive Care Deep Moisture Body Lotion - 600 Ml,Healthcare,₹494.34,(10ratings),34% OFF
Cofsils Orange Strip Of 10 Lozenges,Healthcare,₹30.29,(524ratings),15% OFF
Vicks Vaporub Xtra Strong 50 Ml Relief From Cold Cough Headache And Body Pain,Healthcare,₹171.33,(53ratings),15% OFF
Everherb Karela Jamun Juice - Helps Maintains Healthy Sugar Levels -Helps In Weight Management - 1 L,Healthcare,₹153.34,(2173ratings),59% OFF
New Saridon Strip Of 10 Tablets,Healthcare,₹43.83,(71ratings),15% OFF
Crocin Pain Relief Strip Of 15 Tablets,Healthcare,₹63.97,(85ratings),22% OFF
Cofsils Ginger Lemon Lozenges Strip Of 10,Healthcare,₹30.28,(471ratings),15% OFF
Scalpe Plus Expert Anti-Dandruff Shampoo With Ketoconazole | 75ml,Healthcare,₹244.9,(964ratings),26% OFF
Volini Pain Relief | Gel | 75 Gm,Healthcare,₹209.44,(974ratings),23% OFF
Pharmeasy Multivitamin Multimineral - Immunity Booster - Complete Nutrition - Bottle Of 60,Healthcare,₹267.46,(300ratings),57% OFF
Everherb (By Pharmeasy) Aloe Vera Juice With Pulp - Rejuvenates Skin & Hair - 1 Litre Bottle,Healthcare,₹142.12,(781ratings),62% OFF
Supradyn Daily Multivitamin For Men & Women Builds Energy & Immunity Bottle Of 60 Tablets,Healthcare,₹213.6,(79ratings),20% OFF
Everherb (By Pharmeasy) Amla Juice-Rich In Vitamin C-Natural Immunity Booster - 1 Litre Bottle,Healthcare,₹130.9,(656ratings),65% OFF
Saridon Advance For 5 In 1 Pain Relief Strip Of 10 Tablets,Healthcare,₹43.2,(191ratings),20% OFF
Pharmeasy Multivitamin Multimineral - Immunity Booster - Complete Nutrition - Bottle Of 60,Healthcare,₹267.46,(300ratings),57% OFF
Shelcal 500mg Strip Of 15 Tablets,Healthcare,₹115.95,(1234ratings),22% OFF
Pharmeasy Multivitamin Women - Overall Women Wellness - Builds Immunity - Bottle Of 60,Healthcare,₹255.96,(54ratings),64% OFF
Supradyn Daily Multivitamin For Men & Women Builds Energy & Immunity Strip Of 15 Tablets,Healthcare,₹54.71,(1299ratings),20% OFF
Zincovit Strip Of 15 Tablets (Green),Healthcare,₹85.06,(445ratings),21% OFF
Evion 400mg Strip Of 20 Capsules,Healthcare,₹70.75,(597ratings),21% OFF
Everherb Karela Jamun Juice - Helps Maintains Healthy Sugar Levels -Helps In Weight Management - 1 L,Healthcare,₹153.34,(2173ratings),59% OFF
Calcimax Forte Plus Strip Of 30 Tablets,Healthcare,₹210.96,(772ratings),28% OFF
,,,,
Evion 600mg Strip Of 10 Capsules,Healthcare,₹51.78,(363ratings),20% OFF
Depura Vitamin D3 60k Sugar Free Oral Solution 5ml,Healthcare,₹92.17,(927ratings),21% OFF
Arachitol Nano 60k Sugar Free Bottle Of 5ml Solution,Healthcare,₹85.41,(311ratings),21% OFF
Calcimax P Suspension 200ml,Healthcare,₹138.25,(47ratings),21% OFF
Livogen Z Strip Of 15 Captabs,Healthcare,₹75.26,(211ratings),24% OFF
Becozym C Forte B Complex With Vitamin C And Biotin Strip Of 20 Tablets,Healthcare,₹36,(48ratings),20% OFF
Shelcal 250mg Strip Of 30 Tablets,Healthcare,₹117.51,(36ratings),21% OFF
Evion 200mg Strip Of 10 Capsules,Healthcare,₹20.25,(35ratings),15% OFF
Supradyn Daily Multivitamin For Men & Women Builds Energy & Immunity Bottle Of 60 Tablets,Healthcare,₹213.6,(79ratings),20% OFF
Seven Seas Original Capsule 100`S,Healthcare,₹298.62,(187ratings),25% OFF
Everherb (By Pharmeasy) Amla Juice-Rich In Vitamin C-Natural Immunity Booster - 1 Litre Bottle,Healthcare,₹130.9,(656ratings),65% OFF
Everherb (By Pharmeasy) Shilajit 500mg-Vigour Improvement-Strength & Stamina For Men-Bottle Of 60,Healthcare,₹356.06,(394ratings),62% OFF
Prega News At Home One Step Urine Hcg Pregnancy Test Kit (10 Tests),Healthcare,₹336,,40% OFF
Everherb (By Pharmeasy) Men'S Formula-Blend Of Powerful Herb-Increase Sperm Count-Bottle Of 60,Healthcare,₹328.91,(230ratings),63% OFF
Manforce Cocktail Condoms Combo (Strawberry+Vanilla & Chocolate+Hazelnut) Pack Of 4 (40 Condoms),Healthcare,₹289.08,,27% OFF
Ved Tattva Safed Musli Powder - 1 Kg (Pack Of 2),Healthcare,₹11269.44,,37% OFF
Prega News At Home One Step Urine Hcg Digital Pregnancy Test Kit (6 Tests),Healthcare,₹238.56,,29% OFF
Manforce Cocktail Condoms (Dotted-Rings) Hazelnut & Chocolate Flavoured 10 Pcs X Pack Of 4,Healthcare,₹289.08,,27% OFF
Manforce Epic Strawberry Flavored Lube 60 Ml X Pack Of 4,Healthcare,₹1056,,34% OFF
Manforce Cocktail Strawberry+Vanilla & 3 In 1 Overtime Orange Flavoured Condoms(Set Of 2 20 Pcs),Healthcare,₹215.26,,6% OFF
Skore Condoms Assorted Flavoured And Coloured 1500+ Raised Dots With Extra Lubrication | Box Of 20,Healthcare,₹145.2,,34% OFF
Manforce Cocktail Condoms (Dotted-Rings) Strawberry & Vanilla Flavoured 10 Pcs X Pack Of 5,Healthcare,₹331.65,,33% OFF
Manforce Chocolate Flavor Condom 10 Pcs X Pack Of 5,Healthcare,₹331.65,,33% OFF
Manforce Overtime Pineapple Condoms 10 Pcs X Pack Of 4,Healthcare,₹265.2,,49% OFF
Manforce Epic Fruit Pack 10s (Pack Of 2),Healthcare,₹326.4,,32% OFF
Manforce Overtime Orange Flav Condom 3'S,Healthcare,₹34,,15% OFF
Manforce Condoms 3 In 1 Ribbed Contour Dotted Strawberry Flavoured Condoms - 10 Pcs X Pack Of 5,Healthcare,₹331.65,(6ratings),33% OFF
Manforce Condoms Assorted Flavour 10 Pcs X Pack Of 4,Healthcare,₹265.2,,49% OFF
Durex Mutual Climax Condoms For Men & Women - 10 Count With Durex Water Based Lube Cherry,Healthcare,₹805.5,,10% OFF
Manforce Wild Condoms Strawberry - Super Saver (2 X 20s),Healthcare,MRP₹270,,
Manforce Condoms Assorted Flavour 10 Pcs X Pack Of 5,Healthcare,₹403,,38% OFF
Calcimax 500mg Strip Of 30 Tablets,Healthcare,₹242.56,(609ratings),36% OFF
Refresh Tears 0.5% Bottle Of 10ml Eye Drops,Healthcare,₹105.02,(285ratings),20% OFF
Episoft Ac Moisturizer | With Microencapsulated Suncreen | Spf 30 | 75 Gm,Healthcare,₹461.04,(147ratings),32% OFF
Bontress Pro+ Scalp Serum | 5% Capixyl | 3% Redensyl | 3% Anagain | 3% Procapil | 60 Ml,Healthcare,₹1035,(42ratings),31% OFF
Pharmeasy Biotin 10000mcg - For Hair | Skin & Nails - Bottle Of 60,Healthcare,₹425.75,(105ratings),35% OFF
Scalpe Plus Expert Anti-Dandruff Shampoo With Ketoconazole | 75ml,Healthcare,₹244.9,(964ratings),26% OFF
Pharmeasy Multivitamin Multimineral - Immunity Booster - Complete Nutrition - Bottle Of 60,Healthcare,₹267.46,(300ratings),57% OFF
Liveasy Foods Healthy Roasted Seed Mix - Blend Of 6 Fibre Rich Healthy Roasted Seeds - 200 Gms,Healthcare,₹160.82,(624ratings),57% OFF
Everherb (By Pharmeasy) Aloe Vera Juice With Pulp - Rejuvenates Skin & Hair - 1 Litre Bottle,Healthcare,₹142.12,(781ratings),62% OFF
Everherb (By Pharmeasy) Pain Relief Oil - Blend Of 8 Powerful Herbal Ingredients - 100 Ml,Healthcare,₹205.7,(737ratings),45% OFF
Pharmeasy Calcium Magnesium Vitamin D3 & Zinc - Bones & Dental Health - Bottle 60,Healthcare,₹223.86,(374ratings),58% OFF
Venusia Max Intensive Moisturizing | For All Skin Types | Lotion | 500 Gm,Healthcare,₹1172.13,(355ratings),11% OFF
Photostable Gold Matte Finish Spf 55 Sunscreen Gel 50g,Healthcare,₹727.65,(71ratings),23% OFF
Liveasy Wellness Calcium Magnesium Vitamin D3 & Zinc - Bones & Dental Health - Bottle 60 Tabs,Healthcare,₹223.86,(570ratings),58% OFF
Venusia Max Intensive Moisturizing | For Dry And Very Dry Skin | Cream | 150 Gm,Healthcare,₹657.71,(570ratings),11% OFF
Mildy Tube Of 100ml Shampoo,Healthcare,₹162,(75ratings),19% OFF
Pharmeasy Fish Oil 1000mg Soft Gelatin 60 Capsules,Healthcare,₹225.22,(62ratings),61% OFF
Everherb (By Pharmeasy) Flaxseed Omega 3 - Essential Fatty Acids - Healthy Heart - Bottle Of 60,Healthcare,₹277.15,(303ratings),63% OFF
Liveasy Wellness Multivitamin Multimineral - Immunity Booster - Complete Nutrition - Bottle Of 60,Healthcare,₹279.9,(477ratings),55% OFF
Cetaphil Gentle Skin Cleanser | Dry To Normal Sensitive Skin | 125 Ml,Healthcare,MRP₹429,(186ratings),
Digene Insta On The Go Mint Flavour 10ml (Pack Of 5),Healthcare,₹36.09,,23% OFF
Everherb Karela Jamun Juice - Helps Maintains Healthy Sugar Levels -Helps In Weight Management - 1 L,Healthcare,₹153.34,(2173ratings),59% OFF
Oxalgin Nano Gel 30gm,Healthcare,₹136.28,(131ratings),28% OFF
Digene Mint Flavour Strip Of 15 Tablets,Healthcare,₹25.59,(1521ratings),15% OFF
Cofsils Orange Strip Of 10 Lozenges,Healthcare,₹30.29,(524ratings),15% OFF
Candid Dusting Powder | Bottle | 120 Gm,Healthcare,₹147.9,(430ratings),15% OFF
Evion L-5000 3 In 1formula For Liver Health | Hepatoprotection | Anti-Oxidant Action 15 Capsules,Healthcare,₹277.29,,21% OFF
New Saridon Strip Of 10 Tablets,Healthcare,₹43.83,(71ratings),15% OFF
Unienzyme Strip Of 15 Tablets,Healthcare,₹72.04,(628ratings),18% OFF
Crocin Pain Relief Strip Of 15 Tablets,Healthcare,₹63.97,(85ratings),22% OFF
Refresh Tears 0.5% Bottle Of 10ml Eye Drops,Healthcare,₹105.02,(285ratings),20% OFF
Gelusil Mps Original Mint Flavour Strip Of 15 Tablets,Healthcare,₹23.14,(284ratings),15% OFF
Cofsils Ginger Lemon Lozenges Strip Of 10,Healthcare,₹30.28,(471ratings),15% OFF
Gas-O-Fast Active Jeera Antacid Sachet Of 5 G,Healthcare,₹7.65,(695ratings),15% OFF
Abzorb Total Skin Relief Dusting Powder (20% Extra) Bottle Of 120gm,Healthcare,₹139.4,(50ratings),15% OFF
Volini Pain Relief | Gel | 75 Gm,Healthcare,₹209.44,(974ratings),23% OFF
Himalaya Liv.52 Ds | Tablets | 60 No'S,Healthcare,₹216.37,(1174ratings),23% OFF
Eno Fruit Salt Powder | Lemon | Sachet | G Gm,Healthcare,₹8.76,(611ratings),15% OFF
Digene Acidity & Gas Relief Tablets 15'S- Orange Flavour,Healthcare,₹25.59,(802ratings),15% OFF
Clocip Anti Fungal Powder Of 100 Gm,Healthcare,₹81.38,(441ratings),38% OFF
Shelcal 500mg Strip Of 15 Tablets,Healthcare,₹115.95,(1234ratings),22% OFF
Supradyn Daily Multivitamin For Men & Women Builds Energy & Immunity Strip Of 15 Tablets,Healthcare,₹54.71,(1299ratings),20% OFF
Ensure Diabetes Care Nutrition Drink Vanilla Delight Flavour Box 950 Gm,Healthcare,₹2041.85,(32ratings),3% OFF
Zincovit Strip Of 15 Tablets (Green),Healthcare,₹85.06,(445ratings),21% OFF
Nutty Gritties Roasted Pumpkin Seeds| Unsalted - 200g,Healthcare,₹212,,20% OFF
Organic India Tulsi Ginger Turmeric Tea Bag 25'S,Healthcare,₹185.25,,5% OFF
Pharmeasy Daily Protein For Strong Bones And Immunity Rich Chocolate Jar 400gm,Healthcare,₹311.98,(81ratings),61% OFF
Evion 400mg Strip Of 20 Capsules,Healthcare,₹70.75,(597ratings),21% OFF
Everherb Karela Jamun Juice - Helps Maintains Healthy Sugar Levels -Helps In Weight Management - 1 L,Healthcare,₹153.34,(2173ratings),59% OFF
Calcimax Forte Plus Strip Of 30 Tablets,Healthcare,₹210.96,(772ratings),28% OFF
Calcimax 500mg Strip Of 30 Tablets,Healthcare,₹242.56,(609ratings),36% OFF
Evion 600mg Strip Of 10 Capsules,Healthcare,₹51.78,(363ratings),20% OFF
Depura Vitamin D3 60k Sugar Free Oral Solution 5ml,Healthcare,₹92.17,(927ratings),21% OFF
Arachitol Nano 60k Sugar Free Bottle Of 5ml Solution,Healthcare,₹85.41,(311ratings),21% OFF
Calcimax P Suspension 200ml,Healthcare,₹138.25,(47ratings),21% OFF
Becozym C Forte B Complex With Vitamin C And Biotin Strip Of 20 Tablets,Healthcare,₹36,(48ratings),20% OFF
Pharmeasy Multivitamin Multimineral - Immunity Booster - Complete Nutrition - Bottle Of 60,Healthcare,₹267.46,(300ratings),57% OFF
Shelcal 250mg Strip Of 30 Tablets,Healthcare,₹117.51,(36ratings),21% OFF
Evion 200mg Strip Of 10 Capsules,Healthcare,₹20.25,(35ratings),15% OFF
Liveasy Foods Healthy Roasted Seed Mix - Blend Of 6 Fibre Rich Healthy Roasted Seeds - 200 Gms,Healthcare,₹160.82,(624ratings),57% OFF
Pharmeasy Coenzyme Q10 (Coq10) 200mg With Piperine - For Heart Health Bottle Of 60 Capsules,Healthcare,₹737.86,,55% OFF
Pharmeasy Fish Oil 1000mg Soft Gelatin 60 Capsules,Healthcare,₹225.22,(62ratings),61% OFF
Everherb (By Pharmeasy) Flaxseed Omega 3 - Essential Fatty Acids - Healthy Heart - Bottle Of 60,Healthcare,₹277.15,(303ratings),63% OFF
Seacod Cod Fish Liver Oil 100 Softgel Capsules With Natural Epa & Dha 100 Capsules,Healthcare,₹308,(79ratings),30% OFF
Pharmeasy Apple Cider Vinegar With Mother -Improves Metabolism- 500ml Bottle,Healthcare,₹245.06,(114ratings),68% OFF
Everherb (By Pharmeasy) Fat Burner|Natural Herbal Blend|Accelerates Calorie Burning - 60,Healthcare,₹277.15,(111ratings),63% OFF
Himalaya Arjuna Cardiac Wellness | Regulates Circulation | Tablets | 60 No'S,Healthcare,₹269.75,(11ratings),17% OFF
Dr. Morepen Bp Monitor | Bg-09 | 1 No'S,Healthcare,₹1247.11,(209ratings),15% OFF
Wow Life Science Omega 3 Capsules Bottle Of 60,Healthcare,₹799.89,(153ratings),9% OFF
Omron Hem-7120 Bp Monitor,Healthcare,₹1773.84,(67ratings),24% OFF
Baidyanath Asli Ayurved Amla Juice | Rich In Vit-C | Natural Immunity Booster | No Added Sugar | 1l,Healthcare,₹189,(15ratings),16% OFF
Briyo Fish Oil Mini (450 Mg Size) -60 Softgels - 71.39% Omega 3 (320 Mg Omega 3) Per 450 Mg Capsule,Healthcare,₹410.4,,28% OFF
Hk Vitals Fish Oil (90 Capsules) | For Men And Women | 1000mg Omega 3,Healthcare,₹501.27,(13ratings),7% OFF
Omron Hem-7124 Bp Monitor,Healthcare,₹1640.1,(53ratings),29% OFF
Hk Vitals Fish Oil (60 Capsules) | For Men And Women | 1000mg Omega 3,Healthcare,₹351.82,(13ratings),2% OFF
,,,,
Dr. Morepen Blood Pressure Monitor (Bp-15) 1 No'S,Healthcare,₹867.3,(50ratings),41% OFF
Seacod Cod Liver Oil Omega-3 Vitamins A And D Supports Immunity Heart Brain Joint Health 60 Ml,Healthcare,₹228.54,(83ratings),22% OFF
Nutrabay Wellness Fish Oil Omega 3 - 1000mg - 60 Capsules,Healthcare,₹324.33,(15ratings),43% OFF
Dr. Morepen Omega 3 Deep Sea Fish Oil Triple Strength | 1250mg With 900mg Dha & Epa | 60 Softgels,Healthcare,₹711.75,(23ratings),27% OFF
Tracky 8 Electrode Weighing Scale | Sync 22 Body Metrics Via App | Smart Bmi & Body Fat Analyzer,Healthcare,₹3324.05,,5% OFF
Accusure Electric Heating Pad,Healthcare,₹999.63,,13% OFF
Ez-Life Finger Tip Pulse Oximeter,Healthcare,₹1039.74,,74% OFF
Letsshave All In One Body Groomer For Men,Healthcare,MRP₹3999,,
Tracky 4 Electrode Weighing Scale | Sync 18 Body Metrics Via App | Smart Bmi & Body Fat Analyzer,Healthcare,₹1304.13,,13% OFF
Tracky 4 Electrode Weighing Scale | Sync 13 Body Metrics Via App | Smart Bmi & Body Fat Analyzer,Healthcare,₹1759.12,,12% OFF
Arkray Glucocard G+ Pack Of 2 X 10 Glucometer Strips,Healthcare,₹603.52,,8% OFF
Accusure Air Mattress,Healthcare,₹1919.68,,68% OFF
Control D Air Mattress | Therapy For Bed Sores,Healthcare,₹1999.5,,50% OFF
Control D Blood Glucose Monitor With Battery 1 No'S,Healthcare,₹201.69,,19% OFF
Point Of Care Gluco Spot 25 Strips,Healthcare,₹355.5,,21% OFF
Arkray Trustlet 50 Disposable Sterile Lancets For Glucose Monitor Glucometer Lancets (50),Healthcare,₹250.09,,11% OFF
Arkray Glucocard 01 Mini Blood Glucose Monitor 50 Test Strips With 50 Blood Lancets,Healthcare,₹1307.08,,18% OFF
Dr. Odin Mesh Nebulizer Ultrasonic Inebcare,Healthcare,₹2170,,30% OFF
Freestyle Optium Neo H Blood Glucose Test Strips (Pack Of 100),Healthcare,₹1443.2,,45% OFF
Sahyog Wellness Multi Function Non-Contact Infrared Thermometer With 1 Second Quick Measurement,Healthcare,₹1012.05,,61% OFF
Sahyog Wellness Single Tube Normal Size Bp Monitor Machine Cuff (22-32 Cm) (Black) (Design May Vary),Healthcare,₹452.2,,24% OFF
Sahyog Wellness Fully Automatic Upper Arm Digital Blood Pressure Monitor Machine (White),Healthcare,₹1099.45,,45% OFF
Sahyog Wellness Swth01 Digital Clinical Thermometer With Quick Measurement In C & F (White),Healthcare,₹199.28,,6% OFF
Sahyog Wellness Single Tube Pediatric/Child Sized Blood Pressure Monitor Machine Arm Cuff (10-19 Cm),Healthcare,₹499.8,,16% OFF
Venusia Max Intensive Moisturizing | For All Skin Types | Lotion | 500 Gm,Healthcare,₹1172.13,(355ratings),11% OFF
Venusia Max Intensive Moisturizing | For Dry And Very Dry Skin | Cream | 150 Gm,Healthcare,₹657.71,(570ratings),11% OFF
Cetaphil Gentle Skin Cleanser | Dry To Normal Sensitive Skin | 125 Ml,Healthcare,MRP₹429,(186ratings),
Ahaglow Advanced Tube Of 100gm Face Wash Gel,Healthcare,₹446.35,(29ratings),21% OFF
Brinton Uv Doux Spf 50 Tube Of 50gm Silicone Sunscreen Gel,Healthcare,₹599.25,(107ratings),25% OFF
Acne Uv Advanced Light Protection Spf 50+ Pa++++ Sunscreen Gel 50 Gm,Healthcare,₹741,(148ratings),24% OFF
Everherb (By Pharmeasy) Aloe Vera Juice With Pulp - Rejuvenates Skin & Hair - 1 Litre Bottle,Healthcare,₹142.12,(781ratings),62% OFF
Pharmeasy Biotin 10000mcg - For Hair | Skin & Nails - Bottle Of 60,Healthcare,₹425.75,(105ratings),35% OFF
Episoft Ac Moisturizer | With Microencapsulated Suncreen | Spf 30 | 75 Gm,Healthcare,₹461.04,(147ratings),32% OFF
Moiz Cleansing Lotion - Face & Body 400ml,Healthcare,₹680,(11ratings),20% OFF
Ahaglow Advanced Tube Of 200gm Face Wash Gel,Healthcare,₹630.42,(168ratings),21% OFF
Ahaglow S Bottle Of 100ml Foaming Face Wash,Healthcare,₹692.83,(221ratings),21% OFF
Ethiglo Skin Whitening Face Wash 70gm,Healthcare,₹221,(49ratings),15% OFF
Ekran Soft Spf 50 Plus Tube Of 50gm Silicone Sunscreen Gel,Healthcare,₹562.4,(17ratings),26% OFF
Tedibar Bathing Bar 75g Pack Of 2 (Soap Free For Sensitive Skin),Healthcare,₹368.48,(136ratings),6% OFF
Tetmosol Medicated Soap For Relief From Skin Infections And Daily Bathing 100gm,Healthcare,₹72.07,(597ratings),25% OFF
Venusia Moisturizing Cream | For Dry Sensitive Skin | Squat Jar | 100 Gm,Healthcare,₹532.35,(180ratings),9% OFF
Himalaya Purifying Neem | Prevents Pimples | Face Wash | 150 Ml,Healthcare,₹265.05,(118ratings),5% OFF
Sebamed Clear Face Cleansing Foam - 150ml,Healthcare,₹530.4,(165ratings),22% OFF
Everherb (By Pharmeasy) Neem - Immunity Booster - Hair & Skin Detoxifier - Bottle Of 60,Healthcare,₹202.32,(154ratings),64% OFF
Cetaphil Restoraderm Skin Restoring Body Moisturizer - 295ml,Healthcare,₹2458.56,(54ratings),4% OFF
"Earth King Maca Root Extract Capsule Dietary Supplement | Unisex - 500mg 60 Each Capsules, Pack Of 2",Healthcare,₹1007.16,,58% OFF
Venusia Max Intensive Moisturizing | For Dry And Very Dry Skin | Cream | 150 Gm,Healthcare,₹657.71,(570ratings),11% OFF
Shelcal 500mg Bottle Of 40 Tablets,Healthcare,₹313.24,(100ratings),21% OFF
Herbal Hills Trimohills - Value Pack 900 Tablets - Pack Of 2,Healthcare,₹8415.1,,5% OFF
Optimum Nutrition (On) Gold Standard 100% Whey Protein Double Rich Chocolate Flavour 907gm Powder,Healthcare,₹3399.2,(8ratings),20% OFF
Neurobion Alfa D Strip Of 10 Tablets,Healthcare,₹178.71,(19ratings),26% OFF
Volini Pain Relief | Spray | 15 Gm,Healthcare,₹62.37,(691ratings),19% OFF
Sos Nutrition Muscular Max Men Whey Protein Chocolate Powder - 909g,Healthcare,₹1471.54,,54% OFF
Baidyanath Asli Ayurved Swarna Bhasma -1 Gm,Healthcare,₹19711,,8% OFF
Everteen Vaginal Tightening & Revitalizing Gel For Women - 1 Small Pack- 30gm,Healthcare,₹803.33,(9ratings),33% OFF
Rgb Digital Blood Pressure Monitor Machine With C Type Usb Port,Healthcare,₹912,(6ratings),43% OFF
Kapiva Dia Free Juice | 1l | Clinically Proven Diabetes Care | Amla | Karela | Jamun & 8 More,Healthcare,MRP₹562,(106ratings),
Sheopals Herb 69 Vibe Booster Sexual Capsule With Shilajit Extract (60 Capsules),Healthcare,₹1450.4,,44% OFF
Everherb (By Pharmeasy) Jointcare-Blend Of 9 Powerful Herbs-Joint & Bone Health-Bottle Of 60 Tablets,Healthcare,₹320.02,(106ratings),64% OFF
Tcud3 Nano Sugar Free Bottle Of 5ml Oral Solution,Healthcare,₹33.18,(14ratings),55% OFF
Kapiva Dia Free Juice | 1l |Diabetes Care | Amla | Karela | Jamun & 8 More (2 Pack),Healthcare,₹1034.08,(11ratings),8% OFF
Pharmeasy Multivitamin Women - Overall Women Wellness - Builds Immunity - Bottle Of 60,Healthcare,₹255.96,(54ratings),64% OFF
Oziva Protein & Herbs For Men Chocolate 2kg (1kg Each) | For Muscle Building,Healthcare,₹5540.94,,7% OFF
"Oziva Bioactive Gluta With L-Glutathione To Reduce Pigmentation, 60 Effervescent Tablets, Strawberry",Healthcare,₹2604,,38% OFF
