title,category,price,no_of_ratings_given,product_offer,price_segment,discount_segment
Pharmeasy Coenzyme Q10 (Coq10) 200mg With Piperine - For Heart Health Bottle Of 60 Capsules,must haves,770.65,0,53,Mid-Range,High Discount
Pharmeasy Diabetic Protein Powder French Vanilla Flavour Jar Of 400g,must haves,382.27,60,57,Mid-Range,High Discount
Everherb Karela Jamun Juice - Helps Maintains Healthy Sugar Levels -Helps In Weight Management - 1 L,must haves,160.85,2174,57,Budget,High Discount
Everherb Diabetic Care Juice-13 Potent Herbs - Healthy Blood Sugar Management - 1 Litre Bottle,must haves,230.42,1429,59,Budget,High Discount
Pharmeasy Pill Box Organizer,must haves,234.53,905,53,Budget,High Discount
Pharmeasy Multivitamin Multimineral - Immunity Booster - Complete Nutrition - Bottle Of 60,must haves,279.9,300,55,Budget,High Discount
Liveasy Foods Healthy Roasted Seed Mix - Blend Of 6 Fibre Rich Healthy Roasted Seeds - 200 Gms,must haves,168.3,625,55,Budget,High Discount
Everherb (By Pharmeasy) Aloe Vera Juice With Pulp - Rejuvenates Skin & Hair - 1 Litre Bottle,must haves,149.62,781,60,Budget,High Discount
Everherb (By Pharmeasy) Amla Juice-Rich In Vitamin C-Natural Immunity Booster - 1 Litre Bottle,must haves,138.38,662,63,Budget,High Discount
Everherb (By Pharmeasy) Pain Relief Oil - Blend Of 8 Powerful Herbal Ingredients - 100 Ml,must haves,145.86,741,61,Budget,High Discount
Pharmeasy Calcium Magnesium Vitamin D3 & Zinc - Bones & Dental Health - Bottle 60,must haves,234.52,376,56,Budget,High Discount
Liveasy Wellness Calcium Magnesium Vitamin D3 & Zinc - Bones & Dental Health - Bottle 60 Tabs,must haves,234.52,572,56,Budget,High Discount
Pharmeasy Fish Oil 1000mg Soft Gelatin 60 Capsules,must haves,236.77,63,59,Budget,High Discount
Everherb (By Pharmeasy) Flaxseed Omega 3 - Essential Fatty Acids - Healthy Heart - Bottle Of 60,must haves,292.13,303,61,Budget,High Discount
Liveasy Wellness Multivitamin Multimineral - Immunity Booster - Complete Nutrition - Bottle Of 60,must haves,292.34,478,53,Budget,High Discount
Everherb Giloy Tulsi Juice - Strengthens Body Defence System - Natural Immunity Booster - 1 Litre,must haves,142.12,435,62,Budget,High Discount
Everherb (By Pharmeasy) Shilajit 500mg-Vigour Improvement-Strength & Stamina For Men-Bottle Of 60,must haves,374.8,399,60,Mid-Range,High Discount
Liveasy Foods Healthy Seed Mix - Blend Of 6 Fibre Rich Healthy Seeds - 200 Gms,must haves,143.88,554,56,Budget,High Discount
Everherb (By Pharmeasy) Ashwagandha-Immunity Booster Capsules-Anxiety & Stress Relief-Bottle Of 60,must haves,219.01,437,61,Budget,High Discount
Pharmeasy Biotin 10000mcg - For Hair | Skin & Nails - Bottle Of 60,must haves,281.65,107,57,Budget,High Discount
Cetaphil Dam Daily Advance Ultra Hydrating Lotion | Face & Body | 100 Gm,winter store,636.09,119,9,Mid-Range,Low Discount
Venusia Max Intensive Moisturizing | For All Skin Types | Lotion | 500 Gm,winter store,1172.13,355,11,Premium,High Discount
Supradyn Daily Multivitamin For Men & Women Builds Energy & Immunity Strip Of 15 Tablets,winter store,56.08,1300,18,Budget,High Discount
Dabur Yograj Guggulu 120 Tablets,winter store,158.34,5,13,Budget,High Discount
Himalaya Ashwagandha Immunity Booster Tablets Bottle Of 60,winter store,182.4,216,24,Budget,High Discount
Nivea Soft Light Moisturizer Of 300 Ml,winter store,514.8,92,22,Mid-Range,High Discount
Vaseline Intensive Care Deep Moisture Body Lotion - 600 Ml,winter store,494.34,10,34,Mid-Range,High Discount
Cofsils Orange Strip Of 10 Lozenges,winter store,31.0,526,13,Budget,High Discount
Vicks Keychain Inhaler 0.5 Ml Pack Of 1,winter store,55.68,315,13,Budget,High Discount
Everherb Karela Jamun Juice - Helps Maintains Healthy Sugar Levels -Helps In Weight Management - 1 L,winter store,160.85,2174,57,Budget,High Discount
Everherb Diabetic Care Juice-13 Potent Herbs - Healthy Blood Sugar Management - 1 Litre Bottle,winter store,230.42,1429,59,Budget,High Discount
New Saridon Strip Of 10 Tablets,winter store,44.86,71,13,Budget,High Discount
Crocin Pain Relief Strip Of 15 Tablets,winter store,65.61,85,20,Budget,High Discount
Cofsils Ginger Lemon Lozenges Strip Of 10,winter store,30.99,473,13,Budget,High Discount
Scalpe Plus Expert Anti-Dandruff Shampoo With Ketoconazole | 75ml,winter store,251.51,967,24,Budget,High Discount
Volini Pain Relief | Gel | 75 Gm,winter store,214.88,975,21,Budget,High Discount
Pharmeasy Multivitamin Multimineral - Immunity Booster - Complete Nutrition - Bottle Of 60,winter store,279.9,300,55,Budget,High Discount
Everherb (By Pharmeasy) Aloe Vera Juice With Pulp - Rejuvenates Skin & Hair - 1 Litre Bottle,winter store,149.62,781,60,Budget,High Discount
Supradyn Daily Multivitamin For Men & Women Builds Energy & Immunity Bottle Of 60 Tablets,winter store,218.94,81,18,Budget,High Discount
Everherb (By Pharmeasy) Amla Juice-Rich In Vitamin C-Natural Immunity Booster - 1 Litre Bottle,winter store,138.38,662,63,Budget,High Discount
Pharmeasy Multivitamin Multimineral - Immunity Booster - Complete Nutrition - Bottle Of 60,vitamin store,279.9,300,55,Budget,High Discount
Shelcal 500mg Strip Of 15 Tablets,vitamin store,118.92,1245,20,Budget,High Discount
Pharmeasy Multivitamin Women - Overall Women Wellness - Builds Immunity - Bottle Of 60,vitamin store,270.18,54,62,Budget,High Discount
Supradyn Daily Multivitamin For Men & Women Builds Energy & Immunity Strip Of 15 Tablets,vitamin store,56.08,1300,18,Budget,High Discount
Zincovit Strip Of 15 Tablets (Green),vitamin store,87.21,451,19,Budget,High Discount
Evion 400mg Strip Of 20 Capsules,vitamin store,72.54,602,19,Budget,High Discount
Everherb Karela Jamun Juice - Helps Maintains Healthy Sugar Levels -Helps In Weight Management - 1 L,vitamin store,160.85,2174,57,Budget,High Discount
Calcimax Forte Plus Strip Of 30 Tablets,vitamin store,213.89,772,27,Budget,High Discount
Everherb Diabetic Care Juice-13 Potent Herbs - Healthy Blood Sugar Management - 1 Litre Bottle,vitamin store,230.42,1429,59,Budget,High Discount
Calcimax 500mg Strip Of 30 Tablets,vitamin store,246.35,611,35,Budget,High Discount
Evion 600mg Strip Of 10 Capsules,vitamin store,53.07,363,18,Budget,High Discount
Depura Vitamin D3 60k Sugar Free Oral Solution 5ml,vitamin store,94.5,928,19,Budget,High Discount
Arachitol Nano 60k Sugar Free Bottle Of 5ml Solution,vitamin store,87.58,312,19,Budget,High Discount
Calcimax P Suspension 200ml,vitamin store,140.0,48,20,Budget,High Discount
Livogen Z Strip Of 15 Captabs,vitamin store,77.24,212,22,Budget,High Discount
Becozym C Forte B Complex With Vitamin C And Biotin Strip Of 20 Tablets,vitamin store,36.9,48,18,Budget,High Discount
Shelcal 250mg Strip Of 30 Tablets,vitamin store,120.49,37,19,Budget,High Discount
Evion 200mg Strip Of 10 Capsules,vitamin store,20.72,36,13,Budget,High Discount
Supradyn Daily Multivitamin For Men & Women Builds Energy & Immunity Bottle Of 60 Tablets,vitamin store,218.94,81,18,Budget,High Discount
Seven Seas Original Capsule 100`S,vitamin store,306.58,188,23,Mid-Range,High Discount
Everherb (By Pharmeasy) Shilajit 500mg-Vigour Improvement-Strength & Stamina For Men-Bottle Of 60,sexual wellness,374.8,399,60,Mid-Range,High Discount
Prega News At Home One Step Urine Hcg Pregnancy Test Kit (10 Tests),sexual wellness,336.0,0,40,Mid-Range,High Discount
Everherb (By Pharmeasy) Men'S Formula-Blend Of Powerful Herb-Increase Sperm Count-Bottle Of 60,sexual wellness,346.69,230,61,Mid-Range,High Discount
Manforce Cocktail Condoms Combo (Strawberry+Vanilla & Chocolate+Hazelnut) Pack Of 4 (40 Condoms),sexual wellness,289.08,0,27,Budget,High Discount
Ved Tattva Safed Musli Powder - 1 Kg (Pack Of 2),sexual wellness,11269.44,0,37,Premium,High Discount
Prega News At Home One Step Urine Hcg Digital Pregnancy Test Kit (6 Tests),sexual wellness,238.56,0,29,Budget,High Discount
Manforce Cocktail Condoms (Dotted-Rings) Hazelnut & Chocolate Flavoured 10 Pcs X Pack Of 4,sexual wellness,289.08,0,27,Budget,High Discount
Manforce Epic Strawberry Flavored Lube 60 Ml X Pack Of 4,sexual wellness,1056.0,0,34,Premium,High Discount
Manforce Cocktail Strawberry+Vanilla & 3 In 1 Overtime Orange Flavoured Condoms(Set Of 2 20 Pcs),sexual wellness,215.26,0,6,Budget,Low Discount
Skore Condoms Assorted Flavoured And Coloured 1500+ Raised Dots With Extra Lubrication | Box Of 20,sexual wellness,149.6,0,32,Budget,High Discount
Manforce Chocolate Flavor Condom 10 Pcs X Pack Of 5,sexual wellness,331.65,0,33,Mid-Range,High Discount
Manforce Cocktail Condoms (Dotted-Rings) Strawberry & Vanilla Flavoured 10 Pcs X Pack Of 5,sexual wellness,331.65,0,33,Mid-Range,High Discount
Manforce Epic Fruit Pack 10s (Pack Of 2),sexual wellness,326.4,0,32,Mid-Range,High Discount
Manforce Overtime Pineapple Condoms 10 Pcs X Pack Of 4,sexual wellness,275.6,0,47,Budget,High Discount
Manforce Overtime Orange Flav Condom 3'S,sexual wellness,34.8,0,13,Budget,High Discount
Manforce Condoms 3 In 1 Ribbed Contour Dotted Strawberry Flavoured Condoms - 10 Pcs X Pack Of 5,sexual wellness,331.65,6,33,Mid-Range,High Discount
Manforce Condoms Assorted Flavour 10 Pcs X Pack Of 4,sexual wellness,343.2,0,34,Mid-Range,High Discount
Durex Mutual Climax Condoms For Men & Women - 10 Count With Durex Water Based Lube Cherry,sexual wellness,805.5,0,10,Premium,Low Discount
Manforce Wild Condoms Strawberry - Super Saver (2 X 20s),sexual wellness,270.0,0,0,Budget,No Discount
Manforce Condoms Assorted Flavour 10 Pcs X Pack Of 5,sexual wellness,403.0,0,38,Mid-Range,High Discount
Calcimax 500mg Strip Of 30 Tablets,personal care,246.35,611,35,Budget,High Discount
Refresh Tears 0.5% Bottle Of 10ml Eye Drops,personal care,107.64,286,18,Budget,High Discount
Episoft Ac Moisturizer | With Microencapsulated Suncreen | Spf 30 | 75 Gm,personal care,474.6,147,30,Mid-Range,High Discount
Bontress Pro+ Scalp Serum | 5% Capixyl | 3% Redensyl | 3% Anagain | 3% Procapil | 60 Ml,personal care,1065.0,42,29,Premium,High Discount
Pharmeasy Biotin 10000mcg - For Hair | Skin & Nails - Bottle Of 60,personal care,281.65,107,57,Budget,High Discount
Scalpe Plus Expert Anti-Dandruff Shampoo With Ketoconazole | 75ml,personal care,251.51,967,24,Budget,High Discount
Pharmeasy Multivitamin Multimineral - Immunity Booster - Complete Nutrition - Bottle Of 60,personal care,279.9,300,55,Budget,High Discount
Liveasy Foods Healthy Roasted Seed Mix - Blend Of 6 Fibre Rich Healthy Roasted Seeds - 200 Gms,personal care,168.3,625,55,Budget,High Discount
Everherb (By Pharmeasy) Aloe Vera Juice With Pulp - Rejuvenates Skin & Hair - 1 Litre Bottle,personal care,149.62,781,60,Budget,High Discount
Everherb (By Pharmeasy) Pain Relief Oil - Blend Of 8 Powerful Herbal Ingredients - 100 Ml,personal care,145.86,741,61,Budget,High Discount
Pharmeasy Calcium Magnesium Vitamin D3 & Zinc - Bones & Dental Health - Bottle 60,personal care,234.52,376,56,Budget,High Discount
Venusia Max Intensive Moisturizing | For All Skin Types | Lotion | 500 Gm,personal care,1172.13,355,11,Premium,High Discount
Photostable Gold Matte Finish Spf 55 Sunscreen Gel 50g,personal care,746.55,73,21,Mid-Range,High Discount
Liveasy Wellness Calcium Magnesium Vitamin D3 & Zinc - Bones & Dental Health - Bottle 60 Tabs,personal care,234.52,572,56,Budget,High Discount
Venusia Max Intensive Moisturizing | For Dry And Very Dry Skin | Cream | 150 Gm,personal care,657.71,570,11,Mid-Range,High Discount
Mildy Tube Of 100ml Shampoo,personal care,166.0,75,17,Budget,High Discount
Pharmeasy Fish Oil 1000mg Soft Gelatin 60 Capsules,personal care,236.77,63,59,Budget,High Discount
Everherb (By Pharmeasy) Flaxseed Omega 3 - Essential Fatty Acids - Healthy Heart - Bottle Of 60,personal care,292.13,303,61,Budget,High Discount
Liveasy Wellness Multivitamin Multimineral - Immunity Booster - Complete Nutrition - Bottle Of 60,personal care,292.34,478,53,Budget,High Discount
Cetaphil Gentle Skin Cleanser | Dry To Normal Sensitive Skin | 125 Ml,personal care,343.2,186,20,Mid-Range,High Discount
Digene Insta On The Go Mint Flavour 10ml (Pack Of 5),health concerns,37.03,0,21,Budget,High Discount
Everherb Karela Jamun Juice - Helps Maintains Healthy Sugar Levels -Helps In Weight Management - 1 L,health concerns,160.85,2174,57,Budget,High Discount
Oxalgin Nano Gel 30gm,health concerns,140.07,131,26,Budget,High Discount
Digene Mint Flavour Strip Of 15 Tablets,health concerns,26.19,1522,13,Budget,High Discount
Cofsils Orange Strip Of 10 Lozenges,health concerns,31.0,526,13,Budget,High Discount
Everherb Diabetic Care Juice-13 Potent Herbs - Healthy Blood Sugar Management - 1 Litre Bottle,health concerns,230.42,1429,59,Budget,High Discount
Evion L-5000 3 In 1formula For Liver Health | Hepatoprotection | Anti-Oxidant Action 15 Capsules,health concerns,284.31,0,19,Budget,High Discount
Candid Dusting Powder | Bottle | 120 Gm,health concerns,141.91,431,13,Budget,High Discount
New Saridon Strip Of 10 Tablets,health concerns,44.86,71,13,Budget,High Discount
Unienzyme Strip Of 15 Tablets,health concerns,73.79,630,16,Budget,High Discount
Crocin Pain Relief Strip Of 15 Tablets,health concerns,65.61,85,20,Budget,High Discount
Refresh Tears 0.5% Bottle Of 10ml Eye Drops,health concerns,107.64,286,18,Budget,High Discount
Gelusil Mps Original Mint Flavour Strip Of 15 Tablets,health concerns,23.68,284,13,Budget,High Discount
Cofsils Ginger Lemon Lozenges Strip Of 10,health concerns,30.99,473,13,Budget,High Discount
Gas-O-Fast Active Jeera Antacid Sachet Of 5 G,health concerns,7.83,696,13,Budget,High Discount
Abzorb Total Skin Relief Dusting Powder (20% Extra) Bottle Of 120gm,health concerns,142.68,50,13,Budget,High Discount
Volini Pain Relief | Gel | 75 Gm,health concerns,214.88,975,21,Budget,High Discount
Himalaya Liv.52 Ds | Tablets | 60 No'S,health concerns,203.67,1174,21,Budget,High Discount
Eno Fruit Salt Powder | Lemon | Sachet | G Gm,health concerns,8.97,612,13,Budget,High Discount
Digene Acidity & Gas Relief Tablets 15'S- Orange Flavour,health concerns,26.19,802,13,Budget,High Discount
Shelcal 500mg Strip Of 15 Tablets,health food and drinks,118.92,1245,20,Budget,High Discount
Everherb Diabetic Care Juice-13 Potent Herbs - Healthy Blood Sugar Management - 1 Litre Bottle,health food and drinks,230.42,1429,59,Budget,High Discount
Ensure Diabetes Care Nutrition Drink Vanilla Delight Flavour Box 950 Gm,health food and drinks,2041.85,33,3,Premium,Low Discount
Supradyn Daily Multivitamin For Men & Women Builds Energy & Immunity Strip Of 15 Tablets,health food and drinks,56.08,1300,18,Budget,High Discount
Nutty Gritties Roasted Pumpkin Seeds| Unsalted - 200g,health food and drinks,212.0,0,20,Budget,High Discount
Organic India Tulsi Ginger Turmeric Tea Bag 25'S,health food and drinks,185.25,0,5,Budget,Low Discount
Pharmeasy Daily Protein For Strong Bones And Immunity Rich Chocolate Jar 400gm,health food and drinks,327.98,81,59,Mid-Range,High Discount
Zincovit Strip Of 15 Tablets (Green),health food and drinks,87.21,451,19,Budget,High Discount
Evion 400mg Strip Of 20 Capsules,health food and drinks,72.54,602,19,Budget,High Discount
Everherb Karela Jamun Juice - Helps Maintains Healthy Sugar Levels -Helps In Weight Management - 1 L,health food and drinks,160.85,2174,57,Budget,High Discount
Calcimax Forte Plus Strip Of 30 Tablets,health food and drinks,213.89,772,27,Budget,High Discount
Calcimax 500mg Strip Of 30 Tablets,health food and drinks,246.35,611,35,Budget,High Discount
Evion 600mg Strip Of 10 Capsules,health food and drinks,53.07,363,18,Budget,High Discount
Depura Vitamin D3 60k Sugar Free Oral Solution 5ml,health food and drinks,94.5,928,19,Budget,High Discount
Arachitol Nano 60k Sugar Free Bottle Of 5ml Solution,health food and drinks,87.58,312,19,Budget,High Discount
Calcimax P Suspension 200ml,health food and drinks,140.0,48,20,Budget,High Discount
Becozym C Forte B Complex With Vitamin C And Biotin Strip Of 20 Tablets,health food and drinks,36.9,48,18,Budget,High Discount
Pharmeasy Multivitamin Multimineral - Immunity Booster - Complete Nutrition - Bottle Of 60,health food and drinks,279.9,300,55,Budget,High Discount
Shelcal 250mg Strip Of 30 Tablets,health food and drinks,120.49,37,19,Budget,High Discount
Evion 200mg Strip Of 10 Capsules,health food and drinks,20.72,36,13,Budget,High Discount
Everherb Diabetic Care Juice-13 Potent Herbs - Healthy Blood Sugar Management - 1 Litre Bottle,diabetes essentials,230.42,1429,59,Budget,High Discount
Sugar Free Gold Plus Sweetener Powder Jar Of 100 G,diabetes essentials,143.55,372,13,Budget,High Discount
Everherb (By Pharmeasy) Diabetic Care - Bottle Of 60,diabetes essentials,355.58,217,60,Mid-Range,High Discount
Everherb Karela Jamun Juice - Helps Maintains Healthy Sugar Levels -Helps In Weight Management - 1 L,diabetes essentials,160.85,2174,57,Budget,High Discount
Dr. Morepen Gluco One Blood Glucose Test Strip | Bg-03 | 50 No'S,diabetes essentials,492.9,3608,38,Mid-Range,High Discount
Accu-Chek Active Glucometer Test Strips Box Of 50,diabetes essentials,847.4,2383,24,Premium,High Discount
Pharmeasy Diabetic Protein Powder Chocolate Flavour 400g,diabetes essentials,400.05,98,55,Mid-Range,High Discount
Accu-Chek Instant | 50 Test Strips,diabetes essentials,836.25,1594,25,Premium,High Discount
Liveasy Foods Healthy Roasted Seed Mix - Blend Of 6 Fibre Rich Healthy Roasted Seeds - 200 Gms,diabetes essentials,168.3,625,55,Budget,High Discount
Gelusil Mps Original Mint Flavour Sugar Free Bottle Of 400ml Liquid,diabetes essentials,185.78,344,22,Budget,High Discount
Everherb (By Pharmeasy) Flaxseed Omega 3 - Essential Fatty Acids - Healthy Heart - Bottle Of 60,diabetes essentials,292.13,303,61,Budget,High Discount
Contour Plus | Box | Test Strip | 50 No'S,diabetes essentials,872.52,761,19,Premium,High Discount
Liveasy Foods Healthy Seed Mix - Blend Of 6 Fibre Rich Healthy Seeds - 200 Gms,diabetes essentials,143.88,554,56,Budget,High Discount
Onetouch Select Test Strips | Pack Of 50 Strips |For Use With Onetouch Select Simple Glucometer,diabetes essentials,1087.8,755,16,Premium,High Discount
Pharmeasy Apple Cider Vinegar With Mother -Improves Metabolism- 500ml Bottle,diabetes essentials,268.04,117,65,Budget,High Discount
Accu-Chek Active | 2 X 50 Test Strips,diabetes essentials,1514.49,1347,23,Premium,High Discount
Digene Gel Acidity & Gas Relief - 200ml Mint Flavour Sugar Free,diabetes essentials,155.44,257,14,Budget,High Discount
Cremaffin Constipation Relief Mint Flavour Sugar Free Bottle Of 225ml Liquid,diabetes essentials,264.43,209,17,Budget,High Discount
Onetouch Select Plus Test Strips | Pack Of 50 Strips | For Use With Onetouch Select Plus Simple,diabetes essentials,918.4,376,18,Premium,High Discount
Sugar Free Gold Plus Sweetener Bottle Of 500 Pellets,diabetes essentials,261.0,129,13,Budget,High Discount
Pharmeasy Coenzyme Q10 (Coq10) 200mg With Piperine - For Heart Health Bottle Of 60 Capsules,heart care,770.65,0,53,Mid-Range,High Discount
Pharmeasy Fish Oil 1000mg Soft Gelatin 60 Capsules,heart care,236.77,63,59,Budget,High Discount
Everherb (By Pharmeasy) Flaxseed Omega 3 - Essential Fatty Acids - Healthy Heart - Bottle Of 60,heart care,292.13,303,61,Budget,High Discount
Seacod Cod Fish Liver Oil 100 Softgel Capsules With Natural Epa & Dha 100 Capsules,heart care,316.8,79,28,Mid-Range,High Discount
Pharmeasy Apple Cider Vinegar With Mother -Improves Metabolism- 500ml Bottle,heart care,268.04,117,65,Budget,High Discount
Everherb (By Pharmeasy) Fat Burner|Natural Herbal Blend|Accelerates Calorie Burning - 60,heart care,292.13,111,61,Budget,High Discount
Himalaya Arjuna Cardiac Wellness | Regulates Circulation | Tablets | 60 No'S,heart care,276.25,11,15,Budget,High Discount
Wow Life Science Omega 3 Capsules Bottle Of 60,heart care,799.89,153,9,Mid-Range,Low Discount
Omron Hem-7120 Bp Monitor,heart care,1797.18,67,23,Premium,High Discount
Baidyanath Asli Ayurved Amla Juice | Rich In Vit-C | Natural Immunity Booster | No Added Sugar | 1l,heart care,189.0,15,16,Budget,High Discount
Briyo Fish Oil Mini (450 Mg Size) -60 Softgels - 71.39% Omega 3 (320 Mg Omega 3) Per 450 Mg Capsule,heart care,410.4,0,28,Mid-Range,High Discount
Hk Vitals Fish Oil (90 Capsules) | For Men And Women | 1000mg Omega 3,heart care,501.27,13,7,Mid-Range,Low Discount
Omron Hem-7124 Bp Monitor,heart care,1640.1,53,29,Premium,High Discount
Himalaya Lasuna Cardiac Wellness | Regulates Cholesterol | Tablets | 60 No'S,heart care,266.5,37,18,Budget,High Discount
Hk Vitals Fish Oil (60 Capsules) | For Men And Women | 1000mg Omega 3,heart care,301.56,13,16,Mid-Range,High Discount
Dr. Morepen Blood Pressure Monitor (Bp-15) 1 No'S,heart care,882.0,51,40,Premium,High Discount
Seacod Cod Liver Oil Omega-3 Vitamins A And D Supports Immunity Heart Brain Joint Health 60 Ml,heart care,234.4,83,20,Budget,High Discount
Dr. Morepen Omega 3 Deep Sea Fish Oil Triple Strength | 1250mg With 900mg Dha & Epa | 60 Softgels,heart care,711.75,23,27,Mid-Range,High Discount
Accusure As Automatic Digital Blood Pressure Monitor,heart care,924.0,54,50,Premium,High Discount
Kapiva Dia Free Juice | 1l |Diabetes Care | Amla | Karela | Jamun & 8 More (2 Pack),heart care,1034.08,11,8,Premium,Low Discount
Everherb Karela Jamun Juice - Helps Maintains Healthy Sugar Levels -Helps In Weight Management - 1 L,ayurvedic care,160.85,2174,57,Budget,High Discount
Healthvit Keto Fat Burner Formulated In Usa With Garcinia Green Tea Green Coffee Cla -60 Capsules,ayurvedic care,1275.0,0,15,Premium,High Discount
Everherb Giloy Tulsi Juice - Strengthens Body Defence System - Natural Immunity Booster - 1 Litre,ayurvedic care,142.12,435,62,Budget,High Discount
Himalaya Liv. 52 Tablet Pack Of 2,ayurvedic care,226.2,6,13,Budget,High Discount
Everherb (By Pharmeasy) Amla Juice-Rich In Vitamin C-Natural Immunity Booster - 1 Litre Bottle,ayurvedic care,138.38,662,63,Budget,High Discount
Herbal Hills Gotu Kola Powder - 1 Kg,ayurvedic care,683.1,0,1,Mid-Range,Low Discount
Torliv 200ml Pack Of 6,ayurvedic care,783.0,0,13,Mid-Range,High Discount
Herbal Hills Guduchi Powder - 1kg - Pack Of 2,ayurvedic care,725.2,0,26,Mid-Range,High Discount
Healthvit Ginger Powder 250 Mg -60 Capsules,ayurvedic care,170.0,0,15,Budget,High Discount
Kerala Ayurveda Ajax Vigor Improvement Capsules Box Of 50 'S,ayurvedic care,1104.0,28,4,Premium,Low Discount
Dr. Vaidya'S Herbo24turbo - Ayurvedic Capsules For Male Wellness 30 Capsules (Pack Of 1),ayurvedic care,408.03,59,13,Mid-Range,High Discount
Herbal Hills Turmeric Powder - 1kg - Pack Of 2,ayurvedic care,1416.8,0,8,Premium,Low Discount
Dr. Vaidya'S Period Wellness -30 Capsules,ayurvedic care,165.79,0,41,Budget,High Discount
Axiom Karela Jamun Juice|Enriched With Neem|Karela|Jamun & Giloye- 500ml,ayurvedic care,160.2,0,11,Budget,High Discount
Torliv 200ml Pack Of 3,ayurvedic care,400.5,0,11,Mid-Range,High Discount
Hass Shunthi Churna - Shunthi Powder - Dry Ginger Powder- For Tea For Throat (1x500 Gram),ayurvedic care,551.0,0,5,Mid-Range,Low Discount
Herbal Hills Nagarmotha Powder - 1kg - Pack Of 2,ayurvedic care,1142.4,0,4,Premium,Low Discount
Anuja Actiliv Forte Tablet - 60 Tab (Pack Of 2),ayurvedic care,277.2,0,1,Budget,Low Discount
Dr. Vaidya'S Period Wellness -30 Capsules - Pack Of 2,ayurvedic care,315.28,0,44,Mid-Range,High Discount
Organic India Assam Black Tea | 50 Tea Bags,ayurvedic care,259.2,0,4,Budget,Low Discount
Equalstwo Baby Skin Healing Cream 150 Gm,mother and baby care,499.73,25,23,Mid-Range,High Discount
Equalstwo Baby Moisturizer 200 Ml,mother and baby care,739.26,25,26,Mid-Range,High Discount
Prega News Pregnancy Test Kit,mother and baby care,48.72,741,13,Budget,High Discount
Ultra D3 Natural Pineapple Flavour 400iu Vitamin D3 For Infants Vitamin Drops Bottle Of 15 Ml,mother and baby care,36.37,222,13,Budget,High Discount
I-Can Pregnancy Kit |Urine Pregnancy Test Kit At Home | Pack Of 1,mother and baby care,32.06,352,43,Budget,High Discount
Tedibar Bathing Bar 75g Pack Of 2 (Soap Free For Sensitive Skin),mother and baby care,368.48,136,6,Mid-Range,Low Discount
Tedibar Atogla Baby Lotion 200 Ml | Allantoin | Hypoallergenic | Dermatologically Tested,mother and baby care,584.21,46,8,Mid-Range,Low Discount
Ferronomic Plus Strip Of 15 Tablets,mother and baby care,524.94,44,22,Mid-Range,High Discount
Himalaya Gentle Baby Powder 400 Gm,mother and baby care,229.52,143,24,Budget,High Discount
Prohance Mom Chocolate Nutrition Drink Jar Of 400 G,mother and baby care,453.6,350,28,Mid-Range,High Discount
Sebamed Baby Cleansing Bar | Ph 5.5 | 100 Gm,mother and baby care,280.0,158,20,Budget,High Discount
Tedibar Bathing Bar 75gm,mother and baby care,202.73,651,3,Budget,Low Discount
Enterogermina Probiotic Supplement For Diarrhea For Kids & Adults Strip Of 4 Capsules,mother and baby care,163.54,82,19,Budget,High Discount
Pharmeasy Multivitamin Gummies For Kids And Adults Lemon & Strawberry Flavour Bottle Of 30 Gummies,mother and baby care,213.13,111,52,Budget,High Discount
Tedibar Spoo Gentle Baby Shampoo No Tears|Gentle On Scalp|No.1 Pediatrician Prescribed 125ml,mother and baby care,249.52,89,21,Budget,High Discount
Tedibar B4 Nappi Baby Rash Cream Tube Of 75 G,mother and baby care,254.2,131,18,Budget,High Discount
Tedibar Bathing Bar 75g Pack Of 3 (Soap Free For Sensitive Skin),mother and baby care,529.0,57,8,Mid-Range,Low Discount
Aptamil Gold 1 Infant Formula Powder With Prebiotics (Upto 6 Months) Stage 1-400g Tin,mother and baby care,1080.0,175,0,Premium,No Discount
Pharmeasy Multivitamin Women - Overall Women Wellness - Builds Immunity - Bottle Of 60,mother and baby care,270.18,54,62,Budget,High Discount
Aptamil Gold 2 Follow Up Infant Formula Powder (After 6 Months) Stage 2-400g Bag-In-Box,mother and baby care,960.0,92,0,Premium,No Discount
Liveasy Adult Diaper Tape Style (M)-10|Anti Bacterial And Odour Lock Technology - Waist 28-45 Inch,mobility & elderly care,364.49,6,33,Mid-Range,High Discount
Calcimax Forte Plus Strip Of 30 Tablets,mobility & elderly care,213.89,772,27,Budget,High Discount
Pharmeasy Knee Cap (Pair) - Protects Knee Joints - Reduces Risk Of Injuries - Black - Large,mobility & elderly care,136.5,34,58,Budget,High Discount
Calcimax 500mg Strip Of 30 Tablets,mobility & elderly care,246.35,611,35,Budget,High Discount
Liveasy Adult Diaper Tape Style (L)-10 | Anti Bacterial And Odour Lock Technology-Waist 38-54 Inch,mobility & elderly care,377.21,6,33,Mid-Range,High Discount
Crocin Pain Relief Strip Of 15 Tablets,mobility & elderly care,65.61,85,20,Budget,High Discount
Volini Pain Relief | Gel | 75 Gm,mobility & elderly care,214.88,975,21,Budget,High Discount
Pharmeasy Joint Support - Maintains Joints Mobility - Bone & Joint Health - Bottle Of 60,mobility & elderly care,270.18,90,62,Budget,High Discount
Pharmeasy Multivitamin Multimineral - Immunity Booster - Complete Nutrition - Bottle Of 60,mobility & elderly care,279.9,300,55,Budget,High Discount
Saridon Advance For 5 In 1 Pain Relief Strip Of 10 Tablets,mobility & elderly care,44.28,192,18,Budget,High Discount
Everherb (By Pharmeasy) Pain Relief Oil - Blend Of 8 Powerful Herbal Ingredients - 100 Ml,mobility & elderly care,145.86,741,61,Budget,High Discount
Pharmeasy Calcium Magnesium Vitamin D3 & Zinc - Bones & Dental Health - Bottle 60,mobility & elderly care,234.52,376,56,Budget,High Discount
Omnigel Gel 75gm,mobility & elderly care,165.08,290,37,Budget,High Discount
Liveasy Wellness Calcium Magnesium Vitamin D3 & Zinc - Bones & Dental Health - Bottle 60 Tabs,mobility & elderly care,234.52,572,56,Budget,High Discount
Volini Pain Relief | Spray | 15 Gm,mobility & elderly care,63.91,692,17,Budget,High Discount
Liveasy Wellness Multivitamin Multimineral - Immunity Booster - Complete Nutrition - Bottle Of 60,mobility & elderly care,292.34,478,53,Budget,High Discount
Volini Pain Relief | Gel | 100 Gm,mobility & elderly care,275.71,310,21,Budget,High Discount
Zandu Pain Relief Balm Bottle Of 50 Ml,mobility & elderly care,140.0,253,20,Budget,High Discount
Volini Pain Relief | Spray | 100 Gm,mobility & elderly care,272.22,463,22,Budget,High Discount
Dr Ortho An Ayurvedic Medicine Oil Bottle Of 120 Ml,mobility & elderly care,229.54,416,17,Budget,High Discount
Optimum Nutrition (On) Gold Standard 100% Whey Protein Double Rich Chocolate Flavour 907gm Powder,sports nutrition,3229.24,8,24,Premium,High Discount
Pharmeasy Daily Protein For Strong Bones And Immunity Rich Chocolate Jar 400gm,sports nutrition,327.98,81,59,Mid-Range,High Discount
Muscleblaze Beginner'S Whey Protein | Faster Muscle Recovery (Chocolate | 1 Kg / 2.2 Lb),sports nutrition,1371.92,0,12,Premium,High Discount
Nutrabay Gold 100% Whey Protein Isolate Vanilla Ice Cream - 2kg,sports nutrition,7479.32,0,32,Premium,High Discount
Isopure Zero Carb Protein - 2.20 Lbs | 1 Kg (Unflavoured),sports nutrition,5056.65,0,15,Premium,High Discount
Pharmeasy Diabetic Protein Powder French Vanilla Flavour Jar Of 1kg,sports nutrition,821.94,126,58,Premium,High Discount
Pharmeasy Diabetic Protein Powder French Vanilla Flavour Jar Of 400g,sports nutrition,382.27,60,57,Mid-Range,High Discount
Oziva Protein & Herbs For Women Vanilla Almond 500g | For Weight Control,sports nutrition,1531.63,11,3,Premium,Low Discount
Pharmeasy Diabetic Protein Powder Chocolate Flavour 400g,sports nutrition,400.05,98,55,Mid-Range,High Discount
Nutrabay Gold Tri-Blend Whey Protein Strawberry Milkshake - 1kg,sports nutrition,2519.4,0,40,Premium,High Discount
Optimum Nutrition (On) Gold Standard 100% Whey Protein Double Rich Chocolate Flavour 454gm Powder,sports nutrition,1701.26,7,26,Premium,High Discount
On Creatine Monohydrate 100g Ind,sports nutrition,454.35,0,35,Mid-Range,High Discount
Oziva Protein & Herbs For Men Chocolate (500g) | For Muscle Building Clean,sports nutrition,1515.84,0,4,Premium,Low Discount
Muscleblaze Raw Whey Protein Concentrate 80% (Unflavoured | 1kg) | Light & Clean Protein,sports nutrition,2319.0,0,0,Premium,No Discount
On India Micronized Creatine Powder 250g,sports nutrition,834.25,0,29,Premium,High Discount
Inlife Whey Protein Isolate Concentrate Hydrolysate Powder For Men & Women (400g | Cafe Mocha),sports nutrition,1219.0,0,0,Premium,No Discount
Inlife Slimming Noni Juice Concentrate Weight Management Supplement With Powerful Herbs - 1 Litre,sports nutrition,895.17,0,47,Premium,High Discount
Optimum Nutrition (On) Gold Standard 100% Whey Protein Double Rich Chocolate Flavour 4kg Powder,sports nutrition,11817.24,0,24,Premium,High Discount
Muscleblaze Pre Workout 200 Xtreme | 200mg Caffeine | 2000mg Beta Alanine (100 G | Fruit Punch),sports nutrition,501.75,0,25,Mid-Range,High Discount
Nutrabay Gold Micronised Creatine Monohydrate - 250g | Orange|Pre/Post Workout Supplement,sports nutrition,631.78,0,38,Mid-Range,High Discount
Dr. Morepen Gluco One Blood Glucose Test Strip | Bg-03 | 50 No'S,healthcare devices,492.9,3608,38,Mid-Range,High Discount
Accu-Chek Active Glucometer Test Strips Box Of 50,healthcare devices,847.4,2383,24,Premium,High Discount
Accu-Chek Instant | 50 Test Strips,healthcare devices,836.25,1594,25,Premium,High Discount
Contour Plus | Box | Test Strip | 50 No'S,healthcare devices,872.52,761,19,Premium,High Discount
Onetouch Select Test Strips | Pack Of 50 Strips |For Use With Onetouch Select Simple Glucometer,healthcare devices,1087.8,755,16,Premium,High Discount
Accu-Chek Active | 2 X 50 Test Strips,healthcare devices,1514.49,1347,23,Premium,High Discount
Onetouch Select Plus Test Strips | Pack Of 50 Strips | For Use With Onetouch Select Plus Simple,healthcare devices,918.4,376,18,Premium,High Discount
Accu-Chek Instant 100 Test Strips,healthcare devices,1808.8,123,24,Premium,High Discount
Dr. Morepen Gluco One Blood Glucose Monitoring Sytem With 25 Test Strips | Bg-03 | 1 No'S,healthcare devices,477.4,941,56,Mid-Range,High Discount
Onetouch Select Plus Test Strips | Pack Of 25 Strips | For Use With Onetouch Select Plus Simple,healthcare devices,512.73,318,19,Mid-Range,High Discount
Dr. Morepen Gluco One Blood Glucose Test Strip | Bg-03 | 25'Nos,healthcare devices,774.79,56,29,Mid-Range,High Discount
Pharmeasy Orthopaedic Electric Heat Belt Regular,healthcare devices,379.6,137,60,Mid-Range,High Discount
Pharmeasy Orthopaedic Electric Heat Belt - Extra Large,healthcare devices,428.61,223,61,Mid-Range,High Discount
Onetouch Verio Test Strips | Pack Of 50 Strips | For Use With Onetouch Verio Flex Glucometer,healthcare devices,1045.8,247,16,Premium,High Discount
Coviself Covid Self Test Kit,healthcare devices,130.0,84,48,Budget,High Discount
Accu-Chek Active 2 X 50 Test Strips | With Softlix 25 Lancets,healthcare devices,1911.78,335,14,Premium,High Discount
Onetouch Ultra Test Strips For Use With Onetouch Ultra 2 & Ultra Easy Pack Of 50 Strips,healthcare devices,1287.25,233,5,Premium,Low Discount
Accu-Chek Active Blood Glucose And Lancing Device | Glucometer | Free 10 Test Strips,healthcare devices,910.44,640,19,Premium,High Discount
Accusure Blood Lancets | 100 No'S,healthcare devices,151.25,52,45,Budget,High Discount
Accu-Chek Instant S Blood Glucose And Lancing Device | Glucometer | Free 10 Test Strips,healthcare devices,631.4,226,23,Mid-Range,High Discount
Venusia Max Intensive Moisturizing | For All Skin Types | Lotion | 500 Gm,skin care,1172.13,355,11,Premium,High Discount
Venusia Max Intensive Moisturizing | For Dry And Very Dry Skin | Cream | 150 Gm,skin care,657.71,570,11,Mid-Range,High Discount
Cetaphil Gentle Skin Cleanser | Dry To Normal Sensitive Skin | 125 Ml,skin care,343.2,186,20,Mid-Range,High Discount
Ahaglow Advanced Tube Of 100gm Face Wash Gel,skin care,457.65,29,19,Mid-Range,High Discount
Brinton Uv Doux Spf 50 Tube Of 50gm Silicone Sunscreen Gel,skin care,615.23,107,23,Mid-Range,High Discount
Acne Uv Advanced Light Protection Spf 50+ Pa++++ Sunscreen Gel 50 Gm,skin care,760.5,150,22,Mid-Range,High Discount
Everherb (By Pharmeasy) Aloe Vera Juice With Pulp - Rejuvenates Skin & Hair - 1 Litre Bottle,skin care,149.62,781,60,Budget,High Discount
Pharmeasy Biotin 10000mcg - For Hair | Skin & Nails - Bottle Of 60,skin care,281.65,107,57,Budget,High Discount
Episoft Ac Moisturizer | With Microencapsulated Suncreen | Spf 30 | 75 Gm,skin care,474.6,147,30,Mid-Range,High Discount
Moiz Cleansing Lotion - Face & Body 400ml,skin care,680.0,11,20,Mid-Range,High Discount
Ahaglow Advanced Tube Of 200gm Face Wash Gel,skin care,646.38,168,19,Mid-Range,High Discount
Ahaglow S Bottle Of 100ml Foaming Face Wash,skin care,710.37,221,19,Mid-Range,High Discount
Ethiglo Skin Whitening Face Wash 70gm,skin care,226.2,50,13,Budget,High Discount
Ekran Soft Spf 50 Plus Tube Of 50gm Silicone Sunscreen Gel,skin care,577.6,17,24,Mid-Range,High Discount
Tedibar Bathing Bar 75g Pack Of 2 (Soap Free For Sensitive Skin),skin care,368.48,136,6,Mid-Range,Low Discount
Tetmosol Medicated Soap For Relief From Skin Infections And Daily Bathing 100gm,skin care,74.0,598,23,Budget,High Discount
Venusia Moisturizing Cream | For Dry Sensitive Skin | Squat Jar | 100 Gm,skin care,532.35,180,9,Mid-Range,Low Discount
Himalaya Purifying Neem | Prevents Pimples | Face Wash | 150 Ml,skin care,265.05,118,5,Budget,Low Discount
Sebamed Clear Face Cleansing Foam - 150ml,skin care,544.0,165,20,Mid-Range,High Discount
Everherb (By Pharmeasy) Neem - Immunity Booster - Hair & Skin Detoxifier - Bottle Of 60,skin care,213.56,154,62,Budget,High Discount
Cetaphil Dam Daily Advance Ultra Hydrating Lotion | Face & Body | 100 Gm,explore more,636.09,119,9,Mid-Range,Low Discount
"Earth King Maca Root Extract Capsule Dietary Supplement | Unisex - 500mg 60 Each Capsules, Pack Of 2",explore more,1007.16,0,58,Premium,High Discount
Venusia Moisturizing Cream | For Dry Sensitive Skin | Squat Jar | 100 Gm,explore more,532.35,180,9,Mid-Range,Low Discount
Shelcal 500mg Bottle Of 40 Tablets,explore more,321.17,100,19,Mid-Range,High Discount
Herbal Hills Trimohills - Value Pack 900 Tablets - Pack Of 2,explore more,8415.1,0,5,Premium,Low Discount
Optimum Nutrition (On) Gold Standard 100% Whey Protein Vanilla Ice Cream Flavour Jar 2.27kg Powder,explore more,7067.24,6,24,Premium,High Discount
Neurobion Alfa D Strip Of 10 Tablets,explore more,183.54,19,24,Budget,High Discount
Volini Pain Relief | Spray | 100 Gm,explore more,272.22,463,22,Budget,High Discount
Vicks Vaporub 50ml Relief From Cold Cough Headache And Body Pain,explore more,186.56,876,0,Budget,No Discount
Sos Nutrition Muscular Max Men Whey Protein Chocolate Powder - 909g,explore more,1071.54,0,67,Premium,High Discount
Baidyanath Asli Ayurved Swarna Bhasma -1 Gm,explore more,19711.0,0,8,Premium,Low Discount
Accu-Chek Performa 100 Strips,explore more,1764.0,31,37,Premium,High Discount
Cipla Vc15 Vitamin C Serum (15 Ml),explore more,2392.0,0,0,Premium,No Discount
Latex Medical Examination Hand Gloves  Box Of 100,explore more,378.0,55,58,Mid-Range,High Discount
Auric Liver Detox Effervescent | Fizzy Water With 10 Ayurvedic Herbs | 60 Tablets,explore more,1200.0,0,20,Premium,High Discount
Hk Vitals Biotin (60 Tablets) | Supplement For Hair Growth | Strong Hair And Glowing Skin,explore more,361.13,6,23,Mid-Range,High Discount
Accusure Fetal Doppler For Doctors And Mothers Fetal Heart Rate Monitor | Usb Charging & Lcd Display,explore more,2001.0,12,71,Premium,High Discount
Dr. Biswas Good Health Strong Capsule (Pack Of 2),explore more,211.2,31,56,Budget,High Discount
Kapiva Himalayan Shilajit/Shilajeet Resin 40g - For Endurance And Stamina,explore more,1648.9,0,45,Premium,High Discount
Wellbeing Nutrition Skin Fuel Japanese Collagen | L-Glutathione | Hyaluronic Acid For Skin - 90 Tabs,explore more,5124.3,0,5,Premium,Low Discount
